gloss,video_id,split,signer_id,bbox,frame_start,frame_end,path,source,hand_rate
you,c999_you_054,val,999,"[0, 0, 640, 480]",1,76,D:\Compressed\archive_3\custom_videos\c999_you_054.mp4,custom,1.0
you,c999_you_017,val,999,"[0, 0, 640, 480]",1,77,D:\Compressed\archive_3\custom_videos\c999_you_017.mp4,custom,1.0
you,c999_you_027,test,999,"[0, 0, 640, 480]",1,77,D:\Compressed\archive_3\custom_videos\c999_you_027.mp4,custom,0.3125
you,c999_you_048,test,999,"[0, 0, 640, 480]",1,42,D:\Compressed\archive_3\custom_videos\c999_you_048.mp4,custom,1.0
you,c999_you_018,train,999,"[0, 0, 640, 480]",1,77,D:\Compressed\archive_3\custom_videos\c999_you_018.mp4,custom,0.3125
you,c999_you_049,train,999,"[0, 0, 640, 480]",1,42,D:\Compressed\archive_3\custom_videos\c999_you_049.mp4,custom,0.25
you,c999_you_029,train,999,"[0, 0, 640, 480]",1,77,D:\Compressed\archive_3\custom_videos\c999_you_029.mp4,custom,1.0
you,c999_you_040,train,999,"[0, 0, 640, 480]",1,76,D:\Compressed\archive_3\custom_videos\c999_you_040.mp4,custom,0.375
you,c999_you_014,train,999,"[0, 0, 640, 480]",1,77,D:\Compressed\archive_3\custom_videos\c999_you_014.mp4,custom,0.3125
you,c999_you_023,train,999,"[0, 0, 640, 480]",1,76,D:\Compressed\archive_3\custom_videos\c999_you_023.mp4,custom,0.28125
you,c999_you_032,train,999,"[0, 0, 640, 480]",1,77,D:\Compressed\archive_3\custom_videos\c999_you_032.mp4,custom,0.4375
you,c999_you_055,train,999,"[0, 0, 640, 480]",1,77,D:\Compressed\archive_3\custom_videos\c999_you_055.mp4,custom,1.0
you,c999_you_059,train,999,"[0, 0, 640, 480]",1,77,D:\Compressed\archive_3\custom_videos\c999_you_059.mp4,custom,1.0
you,c999_you_006,train,999,"[0, 0, 640, 480]",1,77,D:\Compressed\archive_3\custom_videos\c999_you_006.mp4,custom,0.34375
you,c999_you_019,train,999,"[0, 0, 640, 480]",1,77,D:\Compressed\archive_3\custom_videos\c999_you_019.mp4,custom,0.40625
you,c999_you_051,train,999,"[0, 0, 640, 480]",1,42,D:\Compressed\archive_3\custom_videos\c999_you_051.mp4,custom,1.0
you,c999_you_045,train,999,"[0, 0, 640, 480]",1,42,D:\Compressed\archive_3\custom_videos\c999_you_045.mp4,custom,0.84375
you,c999_you_031,train,999,"[0, 0, 640, 480]",1,69,D:\Compressed\archive_3\custom_videos\c999_you_031.mp4,custom,0.59375
you,c999_you_021,train,999,"[0, 0, 640, 480]",1,77,D:\Compressed\archive_3\custom_videos\c999_you_021.mp4,custom,0.3125
you,c999_you_042,train,999,"[0, 0, 640, 480]",1,42,D:\Compressed\archive_3\custom_videos\c999_you_042.mp4,custom,0.96875
you,c999_you_037,train,999,"[0, 0, 640, 480]",1,77,D:\Compressed\archive_3\custom_videos\c999_you_037.mp4,custom,0.15625
you,c999_you_024,train,999,"[0, 0, 640, 480]",1,77,D:\Compressed\archive_3\custom_videos\c999_you_024.mp4,custom,0.4375
you,c999_you_012,train,999,"[0, 0, 640, 480]",1,76,D:\Compressed\archive_3\custom_videos\c999_you_012.mp4,custom,0.53125
you,c999_you_043,train,999,"[0, 0, 640, 480]",1,42,D:\Compressed\archive_3\custom_videos\c999_you_043.mp4,custom,0.6875
you,c999_you_047,train,999,"[0, 0, 640, 480]",1,74,D:\Compressed\archive_3\custom_videos\c999_you_047.mp4,custom,0.71875
you,c999_you_025,train,999,"[0, 0, 640, 480]",1,77,D:\Compressed\archive_3\custom_videos\c999_you_025.mp4,custom,0.4375
you,c999_you_003,train,999,"[0, 0, 640, 480]",1,42,D:\Compressed\archive_3\custom_videos\c999_you_003.mp4,custom,0.46875
you,c999_you_008,train,999,"[0, 0, 640, 480]",1,77,D:\Compressed\archive_3\custom_videos\c999_you_008.mp4,custom,0.40625
you,c999_you_034,train,999,"[0, 0, 640, 480]",1,76,D:\Compressed\archive_3\custom_videos\c999_you_034.mp4,custom,0.40625
you,c999_you_056,train,999,"[0, 0, 640, 480]",1,77,D:\Compressed\archive_3\custom_videos\c999_you_056.mp4,custom,1.0
you,c999_you_060,train,999,"[0, 0, 640, 480]",1,76,D:\Compressed\archive_3\custom_videos\c999_you_060.mp4,custom,1.0
you,c999_you_044,train,999,"[0, 0, 640, 480]",1,42,D:\Compressed\archive_3\custom_videos\c999_you_044.mp4,custom,0.6875
you,c999_you_036,train,999,"[0, 0, 640, 480]",1,76,D:\Compressed\archive_3\custom_videos\c999_you_036.mp4,custom,0.4375
you,c999_you_002,train,999,"[0, 0, 640, 480]",1,42,D:\Compressed\archive_3\custom_videos\c999_you_002.mp4,custom,0.90625
you,c999_you_039,train,999,"[0, 0, 640, 480]",1,56,D:\Compressed\archive_3\custom_videos\c999_you_039.mp4,custom,0.375
you,c999_you_016,train,999,"[0, 0, 640, 480]",1,77,D:\Compressed\archive_3\custom_videos\c999_you_016.mp4,custom,0.40625
you,c999_you_046,train,999,"[0, 0, 640, 480]",1,42,D:\Compressed\archive_3\custom_videos\c999_you_046.mp4,custom,0.90625
you,c999_you_038,train,999,"[0, 0, 640, 480]",1,77,D:\Compressed\archive_3\custom_videos\c999_you_038.mp4,custom,0.34375
you,c999_you_053,train,999,"[0, 0, 640, 480]",1,72,D:\Compressed\archive_3\custom_videos\c999_you_053.mp4,custom,1.0
you,c999_you_004,train,999,"[0, 0, 640, 480]",1,76,D:\Compressed\archive_3\custom_videos\c999_you_004.mp4,custom,0.28125
you,c999_you_001,train,999,"[0, 0, 640, 480]",1,77,D:\Compressed\archive_3\custom_videos\c999_you_001.mp4,custom,0.71875
you,c999_you_026,train,999,"[0, 0, 640, 480]",1,76,D:\Compressed\archive_3\custom_videos\c999_you_026.mp4,custom,0.25
you,c999_you_022,train,999,"[0, 0, 640, 480]",1,77,D:\Compressed\archive_3\custom_videos\c999_you_022.mp4,custom,0.25
you,c999_you_005,train,999,"[0, 0, 640, 480]",1,77,D:\Compressed\archive_3\custom_videos\c999_you_005.mp4,custom,0.25
you,c999_you_058,train,999,"[0, 0, 640, 480]",1,77,D:\Compressed\archive_3\custom_videos\c999_you_058.mp4,custom,1.0
you,c999_you_009,train,999,"[0, 0, 640, 480]",1,76,D:\Compressed\archive_3\custom_videos\c999_you_009.mp4,custom,0.09375
you,c999_you_020,train,999,"[0, 0, 640, 480]",1,76,D:\Compressed\archive_3\custom_videos\c999_you_020.mp4,custom,0.3125
you,c999_you_028,train,999,"[0, 0, 640, 480]",1,76,D:\Compressed\archive_3\custom_videos\c999_you_028.mp4,custom,0.25
you,c999_you_033,train,999,"[0, 0, 640, 480]",1,77,D:\Compressed\archive_3\custom_videos\c999_you_033.mp4,custom,0.375
you,c999_you_030,train,999,"[0, 0, 640, 480]",1,77,D:\Compressed\archive_3\custom_videos\c999_you_030.mp4,custom,0.3125
you,c999_you_057,train,999,"[0, 0, 640, 480]",1,77,D:\Compressed\archive_3\custom_videos\c999_you_057.mp4,custom,0.8125
you,c999_you_035,train,999,"[0, 0, 640, 480]",1,76,D:\Compressed\archive_3\custom_videos\c999_you_035.mp4,custom,0.28125
you,c999_you_007,train,999,"[0, 0, 640, 480]",1,76,D:\Compressed\archive_3\custom_videos\c999_you_007.mp4,custom,0.25
you,c999_you_041,train,999,"[0, 0, 640, 480]",1,42,D:\Compressed\archive_3\custom_videos\c999_you_041.mp4,custom,0.21875
you,c999_you_011,train,999,"[0, 0, 640, 480]",1,76,D:\Compressed\archive_3\custom_videos\c999_you_011.mp4,custom,0.15625
you,c999_you_050,train,999,"[0, 0, 640, 480]",1,42,D:\Compressed\archive_3\custom_videos\c999_you_050.mp4,custom,0.5625
you,c999_you_015,train,999,"[0, 0, 640, 480]",1,77,D:\Compressed\archive_3\custom_videos\c999_you_015.mp4,custom,0.34375
you,c999_you_013,train,999,"[0, 0, 640, 480]",1,76,D:\Compressed\archive_3\custom_videos\c999_you_013.mp4,custom,0.40625
you,c999_you_010,train,999,"[0, 0, 640, 480]",1,76,D:\Compressed\archive_3\custom_videos\c999_you_010.mp4,custom,0.375
you,c999_you_052,train,999,"[0, 0, 640, 480]",1,42,D:\Compressed\archive_3\custom_videos\c999_you_052.mp4,custom,1.0
please,c999_please_040,val,999,"[0, 0, 640, 480]",1,42,D:\Compressed\archive_3\custom_videos\c999_please_040.mp4,custom,1.0
please,c999_please_036,val,999,"[0, 0, 640, 480]",1,42,D:\Compressed\archive_3\custom_videos\c999_please_036.mp4,custom,1.0
please,c999_please_031,test,999,"[0, 0, 640, 480]",1,77,D:\Compressed\archive_3\custom_videos\c999_please_031.mp4,custom,1.0
please,c999_please_014,test,999,"[0, 0, 640, 480]",1,76,D:\Compressed\archive_3\custom_videos\c999_please_014.mp4,custom,1.0
please,c999_please_018,train,999,"[0, 0, 640, 480]",1,77,D:\Compressed\archive_3\custom_videos\c999_please_018.mp4,custom,1.0
please,c999_please_013,train,999,"[0, 0, 640, 480]",1,77,D:\Compressed\archive_3\custom_videos\c999_please_013.mp4,custom,1.0
please,c999_please_002,train,999,"[0, 0, 640, 480]",1,76,D:\Compressed\archive_3\custom_videos\c999_please_002.mp4,custom,1.0
please,c999_please_037,train,999,"[0, 0, 640, 480]",1,42,D:\Compressed\archive_3\custom_videos\c999_please_037.mp4,custom,1.0
please,c999_please_016,train,999,"[0, 0, 640, 480]",1,77,D:\Compressed\archive_3\custom_videos\c999_please_016.mp4,custom,1.0
please,c999_please_035,train,999,"[0, 0, 640, 480]",1,77,D:\Compressed\archive_3\custom_videos\c999_please_035.mp4,custom,1.0
please,c999_please_024,train,999,"[0, 0, 640, 480]",1,77,D:\Compressed\archive_3\custom_videos\c999_please_024.mp4,custom,1.0
please,c999_please_009,train,999,"[0, 0, 640, 480]",1,76,D:\Compressed\archive_3\custom_videos\c999_please_009.mp4,custom,1.0
please,c999_please_020,train,999,"[0, 0, 640, 480]",1,77,D:\Compressed\archive_3\custom_videos\c999_please_020.mp4,custom,1.0
please,c999_please_005,train,999,"[0, 0, 640, 480]",1,77,D:\Compressed\archive_3\custom_videos\c999_please_005.mp4,custom,1.0
please,c999_please_015,train,999,"[0, 0, 640, 480]",1,77,D:\Compressed\archive_3\custom_videos\c999_please_015.mp4,custom,1.0
please,c999_please_012,train,999,"[0, 0, 640, 480]",1,77,D:\Compressed\archive_3\custom_videos\c999_please_012.mp4,custom,1.0
please,c999_please_032,train,999,"[0, 0, 640, 480]",1,76,D:\Compressed\archive_3\custom_videos\c999_please_032.mp4,custom,1.0
please,c999_please_034,train,999,"[0, 0, 640, 480]",1,76,D:\Compressed\archive_3\custom_videos\c999_please_034.mp4,custom,1.0
please,c999_please_030,train,999,"[0, 0, 640, 480]",1,76,D:\Compressed\archive_3\custom_videos\c999_please_030.mp4,custom,1.0
please,c999_please_022,train,999,"[0, 0, 640, 480]",1,76,D:\Compressed\archive_3\custom_videos\c999_please_022.mp4,custom,1.0
please,c999_please_023,train,999,"[0, 0, 640, 480]",1,76,D:\Compressed\archive_3\custom_videos\c999_please_023.mp4,custom,1.0
please,c999_please_026,train,999,"[0, 0, 640, 480]",1,77,D:\Compressed\archive_3\custom_videos\c999_please_026.mp4,custom,1.0
please,c999_please_007,train,999,"[0, 0, 640, 480]",1,77,D:\Compressed\archive_3\custom_videos\c999_please_007.mp4,custom,1.0
please,c999_please_017,train,999,"[0, 0, 640, 480]",1,76,D:\Compressed\archive_3\custom_videos\c999_please_017.mp4,custom,1.0
please,c999_please_039,train,999,"[0, 0, 640, 480]",1,42,D:\Compressed\archive_3\custom_videos\c999_please_039.mp4,custom,1.0
please,c999_please_028,train,999,"[0, 0, 640, 480]",1,77,D:\Compressed\archive_3\custom_videos\c999_please_028.mp4,custom,1.0
please,c999_please_008,train,999,"[0, 0, 640, 480]",1,76,D:\Compressed\archive_3\custom_videos\c999_please_008.mp4,custom,1.0
please,c999_please_027,train,999,"[0, 0, 640, 480]",1,77,D:\Compressed\archive_3\custom_videos\c999_please_027.mp4,custom,1.0
please,c999_please_003,train,999,"[0, 0, 640, 480]",1,77,D:\Compressed\archive_3\custom_videos\c999_please_003.mp4,custom,1.0
please,c999_please_021,train,999,"[0, 0, 640, 480]",1,76,D:\Compressed\archive_3\custom_videos\c999_please_021.mp4,custom,1.0
please,c999_please_019,train,999,"[0, 0, 640, 480]",1,76,D:\Compressed\archive_3\custom_videos\c999_please_019.mp4,custom,1.0
please,c999_please_038,train,999,"[0, 0, 640, 480]",1,42,D:\Compressed\archive_3\custom_videos\c999_please_038.mp4,custom,0.96875
please,c999_please_004,train,999,"[0, 0, 640, 480]",1,77,D:\Compressed\archive_3\custom_videos\c999_please_004.mp4,custom,1.0
please,c999_please_025,train,999,"[0, 0, 640, 480]",1,76,D:\Compressed\archive_3\custom_videos\c999_please_025.mp4,custom,1.0
please,c999_please_001,train,999,"[0, 0, 640, 480]",1,73,D:\Compressed\archive_3\custom_videos\c999_please_001.mp4,custom,1.0
please,c999_please_033,train,999,"[0, 0, 640, 480]",1,76,D:\Compressed\archive_3\custom_videos\c999_please_033.mp4,custom,1.0
please,c999_please_029,train,999,"[0, 0, 640, 480]",1,76,D:\Compressed\archive_3\custom_videos\c999_please_029.mp4,custom,1.0
please,c999_please_011,train,999,"[0, 0, 640, 480]",1,77,D:\Compressed\archive_3\custom_videos\c999_please_011.mp4,custom,1.0
please,c999_please_006,train,999,"[0, 0, 640, 480]",1,76,D:\Compressed\archive_3\custom_videos\c999_please_006.mp4,custom,1.0
please,c999_please_010,train,999,"[0, 0, 640, 480]",1,76,D:\Compressed\archive_3\custom_videos\c999_please_010.mp4,custom,1.0
buy,c999_buy_016,val,999,"[0, 0, 640, 480]",1,77,D:\Compressed\archive_3\custom_videos\c999_buy_016.mp4,custom,1.0
buy,c999_buy_015,val,999,"[0, 0, 640, 480]",1,76,D:\Compressed\archive_3\custom_videos\c999_buy_015.mp4,custom,1.0
buy,c999_buy_012,test,999,"[0, 0, 640, 480]",1,76,D:\Compressed\archive_3\custom_videos\c999_buy_012.mp4,custom,0.65625
buy,c999_buy_004,test,999,"[0, 0, 640, 480]",1,77,D:\Compressed\archive_3\custom_videos\c999_buy_004.mp4,custom,1.0
buy,c999_buy_008,train,999,"[0, 0, 640, 480]",1,77,D:\Compressed\archive_3\custom_videos\c999_buy_008.mp4,custom,1.0
buy,c999_buy_009,train,999,"[0, 0, 640, 480]",1,76,D:\Compressed\archive_3\custom_videos\c999_buy_009.mp4,custom,0.96875
buy,c999_buy_001,train,999,"[0, 0, 640, 480]",1,77,D:\Compressed\archive_3\custom_videos\c999_buy_001.mp4,custom,0.875
buy,c999_buy_014,train,999,"[0, 0, 640, 480]",1,77,D:\Compressed\archive_3\custom_videos\c999_buy_014.mp4,custom,0.9375
buy,c999_buy_018,train,999,"[0, 0, 640, 480]",1,76,D:\Compressed\archive_3\custom_videos\c999_buy_018.mp4,custom,0.875
buy,c999_buy_019,train,999,"[0, 0, 640, 480]",1,76,D:\Compressed\archive_3\custom_videos\c999_buy_019.mp4,custom,0.6875
buy,c999_buy_007,train,999,"[0, 0, 640, 480]",1,77,D:\Compressed\archive_3\custom_videos\c999_buy_007.mp4,custom,1.0
buy,c999_buy_003,train,999,"[0, 0, 640, 480]",1,76,D:\Compressed\archive_3\custom_videos\c999_buy_003.mp4,custom,0.9375
buy,c999_buy_005,train,999,"[0, 0, 640, 480]",1,76,D:\Compressed\archive_3\custom_videos\c999_buy_005.mp4,custom,1.0
buy,c999_buy_017,train,999,"[0, 0, 640, 480]",1,76,D:\Compressed\archive_3\custom_videos\c999_buy_017.mp4,custom,0.96875
buy,c999_buy_020,train,999,"[0, 0, 640, 480]",1,77,D:\Compressed\archive_3\custom_videos\c999_buy_020.mp4,custom,0.84375
buy,c999_buy_013,train,999,"[0, 0, 640, 480]",1,77,D:\Compressed\archive_3\custom_videos\c999_buy_013.mp4,custom,0.4375
buy,c999_buy_006,train,999,"[0, 0, 640, 480]",1,76,D:\Compressed\archive_3\custom_videos\c999_buy_006.mp4,custom,1.0
buy,c999_buy_011,train,999,"[0, 0, 640, 480]",1,77,D:\Compressed\archive_3\custom_videos\c999_buy_011.mp4,custom,0.9375
buy,c999_buy_002,train,999,"[0, 0, 640, 480]",1,77,D:\Compressed\archive_3\custom_videos\c999_buy_002.mp4,custom,1.0
buy,c999_buy_010,train,999,"[0, 0, 640, 480]",1,77,D:\Compressed\archive_3\custom_videos\c999_buy_010.mp4,custom,1.0
tell,c999_tell_005,val,999,"[0, 0, 640, 480]",1,77,D:\Compressed\archive_3\custom_videos\c999_tell_005.mp4,custom,0.9375
tell,c999_tell_023,val,999,"[0, 0, 640, 480]",1,76,D:\Compressed\archive_3\custom_videos\c999_tell_023.mp4,custom,1.0
tell,c999_tell_007,test,999,"[0, 0, 640, 480]",1,77,D:\Compressed\archive_3\custom_videos\c999_tell_007.mp4,custom,1.0
tell,c999_tell_003,test,999,"[0, 0, 640, 480]",1,77,D:\Compressed\archive_3\custom_videos\c999_tell_003.mp4,custom,1.0
tell,c999_tell_022,train,999,"[0, 0, 640, 480]",1,77,D:\Compressed\archive_3\custom_videos\c999_tell_022.mp4,custom,1.0
tell,c999_tell_025,train,999,"[0, 0, 640, 480]",1,77,D:\Compressed\archive_3\custom_videos\c999_tell_025.mp4,custom,0.34375
tell,c999_tell_012,train,999,"[0, 0, 640, 480]",1,77,D:\Compressed\archive_3\custom_videos\c999_tell_012.mp4,custom,1.0
tell,c999_tell_018,train,999,"[0, 0, 640, 480]",1,77,D:\Compressed\archive_3\custom_videos\c999_tell_018.mp4,custom,0.90625
tell,c999_tell_020,train,999,"[0, 0, 640, 480]",1,76,D:\Compressed\archive_3\custom_videos\c999_tell_020.mp4,custom,1.0
tell,c999_tell_002,train,999,"[0, 0, 640, 480]",1,77,D:\Compressed\archive_3\custom_videos\c999_tell_002.mp4,custom,1.0
tell,c999_tell_011,train,999,"[0, 0, 640, 480]",1,76,D:\Compressed\archive_3\custom_videos\c999_tell_011.mp4,custom,0.78125
tell,c999_tell_004,train,999,"[0, 0, 640, 480]",1,77,D:\Compressed\archive_3\custom_videos\c999_tell_004.mp4,custom,0.8125
tell,c999_tell_021,train,999,"[0, 0, 640, 480]",1,77,D:\Compressed\archive_3\custom_videos\c999_tell_021.mp4,custom,1.0
tell,c999_tell_006,train,999,"[0, 0, 640, 480]",1,77,D:\Compressed\archive_3\custom_videos\c999_tell_006.mp4,custom,1.0
tell,c999_tell_014,train,999,"[0, 0, 640, 480]",1,76,D:\Compressed\archive_3\custom_videos\c999_tell_014.mp4,custom,1.0
tell,c999_tell_008,train,999,"[0, 0, 640, 480]",1,77,D:\Compressed\archive_3\custom_videos\c999_tell_008.mp4,custom,0.6875
tell,c999_tell_010,train,999,"[0, 0, 640, 480]",1,77,D:\Compressed\archive_3\custom_videos\c999_tell_010.mp4,custom,0.6875
tell,c999_tell_016,train,999,"[0, 0, 640, 480]",1,77,D:\Compressed\archive_3\custom_videos\c999_tell_016.mp4,custom,0.75
tell,c999_tell_013,train,999,"[0, 0, 640, 480]",1,76,D:\Compressed\archive_3\custom_videos\c999_tell_013.mp4,custom,1.0
tell,c999_tell_015,train,999,"[0, 0, 640, 480]",1,77,D:\Compressed\archive_3\custom_videos\c999_tell_015.mp4,custom,0.5
tell,c999_tell_001,train,999,"[0, 0, 640, 480]",1,68,D:\Compressed\archive_3\custom_videos\c999_tell_001.mp4,custom,0.40625
tell,c999_tell_024,train,999,"[0, 0, 640, 480]",1,77,D:\Compressed\archive_3\custom_videos\c999_tell_024.mp4,custom,0.6875
tell,c999_tell_009,train,999,"[0, 0, 640, 480]",1,77,D:\Compressed\archive_3\custom_videos\c999_tell_009.mp4,custom,0.875
tell,c999_tell_019,train,999,"[0, 0, 640, 480]",1,77,D:\Compressed\archive_3\custom_videos\c999_tell_019.mp4,custom,1.0
tell,c999_tell_017,train,999,"[0, 0, 640, 480]",1,76,D:\Compressed\archive_3\custom_videos\c999_tell_017.mp4,custom,1.0
doctor,c999_doctor_002,val,999,"[0, 0, 640, 480]",1,42,D:\Compressed\archive_3\custom_videos\c999_doctor_002.mp4,custom,0.96875
doctor,c999_doctor_015,val,999,"[0, 0, 640, 480]",1,77,D:\Compressed\archive_3\custom_videos\c999_doctor_015.mp4,custom,1.0
doctor,c999_doctor_004,test,999,"[0, 0, 640, 480]",1,42,D:\Compressed\archive_3\custom_videos\c999_doctor_004.mp4,custom,0.90625
doctor,c999_doctor_007,test,999,"[0, 0, 640, 480]",1,55,D:\Compressed\archive_3\custom_videos\c999_doctor_007.mp4,custom,0.8125
doctor,c999_doctor_024,train,999,"[0, 0, 640, 480]",1,77,D:\Compressed\archive_3\custom_videos\c999_doctor_024.mp4,custom,1.0
doctor,c999_doctor_005,train,999,"[0, 0, 640, 480]",1,42,D:\Compressed\archive_3\custom_videos\c999_doctor_005.mp4,custom,1.0
doctor,c999_doctor_012,train,999,"[0, 0, 640, 480]",1,77,D:\Compressed\archive_3\custom_videos\c999_doctor_012.mp4,custom,1.0
doctor,c999_doctor_009,train,999,"[0, 0, 640, 480]",1,42,D:\Compressed\archive_3\custom_videos\c999_doctor_009.mp4,custom,0.9375
doctor,c999_doctor_008,train,999,"[0, 0, 640, 480]",1,42,D:\Compressed\archive_3\custom_videos\c999_doctor_008.mp4,custom,1.0
doctor,c999_doctor_020,train,999,"[0, 0, 640, 480]",1,42,D:\Compressed\archive_3\custom_videos\c999_doctor_020.mp4,custom,0.96875
doctor,c999_doctor_001,train,999,"[0, 0, 640, 480]",1,76,D:\Compressed\archive_3\custom_videos\c999_doctor_001.mp4,custom,1.0
doctor,c999_doctor_013,train,999,"[0, 0, 640, 480]",1,77,D:\Compressed\archive_3\custom_videos\c999_doctor_013.mp4,custom,1.0
doctor,c999_doctor_021,train,999,"[0, 0, 640, 480]",1,72,D:\Compressed\archive_3\custom_videos\c999_doctor_021.mp4,custom,1.0
doctor,c999_doctor_003,train,999,"[0, 0, 640, 480]",1,42,D:\Compressed\archive_3\custom_videos\c999_doctor_003.mp4,custom,0.9375
doctor,c999_doctor_023,train,999,"[0, 0, 640, 480]",1,76,D:\Compressed\archive_3\custom_videos\c999_doctor_023.mp4,custom,1.0
doctor,c999_doctor_019,train,999,"[0, 0, 640, 480]",1,42,D:\Compressed\archive_3\custom_videos\c999_doctor_019.mp4,custom,1.0
doctor,c999_doctor_006,train,999,"[0, 0, 640, 480]",1,77,D:\Compressed\archive_3\custom_videos\c999_doctor_006.mp4,custom,1.0
doctor,c999_doctor_018,train,999,"[0, 0, 640, 480]",1,42,D:\Compressed\archive_3\custom_videos\c999_doctor_018.mp4,custom,1.0
doctor,c999_doctor_011,train,999,"[0, 0, 640, 480]",1,77,D:\Compressed\archive_3\custom_videos\c999_doctor_011.mp4,custom,0.875
doctor,c999_doctor_014,train,999,"[0, 0, 640, 480]",1,76,D:\Compressed\archive_3\custom_videos\c999_doctor_014.mp4,custom,0.90625
doctor,c999_doctor_022,train,999,"[0, 0, 640, 480]",1,76,D:\Compressed\archive_3\custom_videos\c999_doctor_022.mp4,custom,1.0
doctor,c999_doctor_010,train,999,"[0, 0, 640, 480]",1,42,D:\Compressed\archive_3\custom_videos\c999_doctor_010.mp4,custom,0.78125
doctor,c999_doctor_017,train,999,"[0, 0, 640, 480]",1,54,D:\Compressed\archive_3\custom_videos\c999_doctor_017.mp4,custom,1.0
doctor,c999_doctor_016,train,999,"[0, 0, 640, 480]",1,77,D:\Compressed\archive_3\custom_videos\c999_doctor_016.mp4,custom,1.0
doctor,c999_doctor_025,train,999,"[0, 0, 640, 480]",1,77,D:\Compressed\archive_3\custom_videos\c999_doctor_025.mp4,custom,1.0
backspace,c999_backspace_021,val,999,"[0, 0, 640, 480]",1,76,D:\Compressed\archive_3\custom_videos\c999_backspace_021.mp4,custom,0.75
backspace,c999_backspace_012,val,999,"[0, 0, 640, 480]",1,76,D:\Compressed\archive_3\custom_videos\c999_backspace_012.mp4,custom,0.90625
backspace,c999_backspace_007,test,999,"[0, 0, 640, 480]",1,76,D:\Compressed\archive_3\custom_videos\c999_backspace_007.mp4,custom,0.96875
backspace,c999_backspace_011,test,999,"[0, 0, 640, 480]",1,76,D:\Compressed\archive_3\custom_videos\c999_backspace_011.mp4,custom,0.84375
backspace,c999_backspace_024,train,999,"[0, 0, 640, 480]",1,77,D:\Compressed\archive_3\custom_videos\c999_backspace_024.mp4,custom,0.84375
backspace,c999_backspace_020,train,999,"[0, 0, 640, 480]",1,76,D:\Compressed\archive_3\custom_videos\c999_backspace_020.mp4,custom,0.53125
backspace,c999_backspace_004,train,999,"[0, 0, 640, 480]",1,77,D:\Compressed\archive_3\custom_videos\c999_backspace_004.mp4,custom,0.8125
backspace,c999_backspace_003,train,999,"[0, 0, 640, 480]",1,77,D:\Compressed\archive_3\custom_videos\c999_backspace_003.mp4,custom,0.71875
backspace,c999_backspace_016,train,999,"[0, 0, 640, 480]",1,76,D:\Compressed\archive_3\custom_videos\c999_backspace_016.mp4,custom,0.90625
backspace,c999_backspace_005,train,999,"[0, 0, 640, 480]",1,76,D:\Compressed\archive_3\custom_videos\c999_backspace_005.mp4,custom,0.46875
backspace,c999_backspace_022,train,999,"[0, 0, 640, 480]",1,77,D:\Compressed\archive_3\custom_videos\c999_backspace_022.mp4,custom,0.78125
backspace,c999_backspace_001,train,999,"[0, 0, 640, 480]",1,76,D:\Compressed\archive_3\custom_videos\c999_backspace_001.mp4,custom,0.78125
backspace,c999_backspace_006,train,999,"[0, 0, 640, 480]",1,77,D:\Compressed\archive_3\custom_videos\c999_backspace_006.mp4,custom,0.84375
backspace,c999_backspace_019,train,999,"[0, 0, 640, 480]",1,77,D:\Compressed\archive_3\custom_videos\c999_backspace_019.mp4,custom,0.625
backspace,c999_backspace_009,train,999,"[0, 0, 640, 480]",1,77,D:\Compressed\archive_3\custom_videos\c999_backspace_009.mp4,custom,0.96875
backspace,c999_backspace_014,train,999,"[0, 0, 640, 480]",1,77,D:\Compressed\archive_3\custom_videos\c999_backspace_014.mp4,custom,1.0
backspace,c999_backspace_015,train,999,"[0, 0, 640, 480]",1,76,D:\Compressed\archive_3\custom_videos\c999_backspace_015.mp4,custom,1.0
backspace,c999_backspace_010,train,999,"[0, 0, 640, 480]",1,77,D:\Compressed\archive_3\custom_videos\c999_backspace_010.mp4,custom,0.90625
backspace,c999_backspace_025,train,999,"[0, 0, 640, 480]",1,77,D:\Compressed\archive_3\custom_videos\c999_backspace_025.mp4,custom,0.71875
backspace,c999_backspace_018,train,999,"[0, 0, 640, 480]",1,77,D:\Compressed\archive_3\custom_videos\c999_backspace_018.mp4,custom,0.875
backspace,c999_backspace_023,train,999,"[0, 0, 640, 480]",1,77,D:\Compressed\archive_3\custom_videos\c999_backspace_023.mp4,custom,0.90625
backspace,c999_backspace_017,train,999,"[0, 0, 640, 480]",1,77,D:\Compressed\archive_3\custom_videos\c999_backspace_017.mp4,custom,0.5625
backspace,c999_backspace_002,train,999,"[0, 0, 640, 480]",1,77,D:\Compressed\archive_3\custom_videos\c999_backspace_002.mp4,custom,0.8125
backspace,c999_backspace_013,train,999,"[0, 0, 640, 480]",1,76,D:\Compressed\archive_3\custom_videos\c999_backspace_013.mp4,custom,0.90625
backspace,c999_backspace_008,train,999,"[0, 0, 640, 480]",1,76,D:\Compressed\archive_3\custom_videos\c999_backspace_008.mp4,custom,0.96875
stop,c999_stop_020,val,999,"[0, 0, 640, 480]",1,76,D:\Compressed\archive_3\custom_videos\c999_stop_020.mp4,custom,1.0
stop,c999_stop_003,val,999,"[0, 0, 640, 480]",1,77,D:\Compressed\archive_3\custom_videos\c999_stop_003.mp4,custom,1.0
stop,c999_stop_005,test,999,"[0, 0, 640, 480]",1,77,D:\Compressed\archive_3\custom_videos\c999_stop_005.mp4,custom,0.96875
stop,c999_stop_018,test,999,"[0, 0, 640, 480]",1,77,D:\Compressed\archive_3\custom_videos\c999_stop_018.mp4,custom,1.0
stop,c999_stop_023,train,999,"[0, 0, 640, 480]",1,77,D:\Compressed\archive_3\custom_videos\c999_stop_023.mp4,custom,1.0
stop,c999_stop_024,train,999,"[0, 0, 640, 480]",1,76,D:\Compressed\archive_3\custom_videos\c999_stop_024.mp4,custom,1.0
stop,c999_stop_019,train,999,"[0, 0, 640, 480]",1,77,D:\Compressed\archive_3\custom_videos\c999_stop_019.mp4,custom,0.84375
stop,c999_stop_017,train,999,"[0, 0, 640, 480]",1,76,D:\Compressed\archive_3\custom_videos\c999_stop_017.mp4,custom,0.875
stop,c999_stop_004,train,999,"[0, 0, 640, 480]",1,76,D:\Compressed\archive_3\custom_videos\c999_stop_004.mp4,custom,0.90625
stop,c999_stop_014,train,999,"[0, 0, 640, 480]",1,77,D:\Compressed\archive_3\custom_videos\c999_stop_014.mp4,custom,1.0
stop,c999_stop_009,train,999,"[0, 0, 640, 480]",1,42,D:\Compressed\archive_3\custom_videos\c999_stop_009.mp4,custom,0.9375
stop,c999_stop_008,train,999,"[0, 0, 640, 480]",1,77,D:\Compressed\archive_3\custom_videos\c999_stop_008.mp4,custom,1.0
stop,c999_stop_006,train,999,"[0, 0, 640, 480]",1,77,D:\Compressed\archive_3\custom_videos\c999_stop_006.mp4,custom,1.0
stop,c999_stop_013,train,999,"[0, 0, 640, 480]",1,77,D:\Compressed\archive_3\custom_videos\c999_stop_013.mp4,custom,0.90625
stop,c999_stop_010,train,999,"[0, 0, 640, 480]",1,77,D:\Compressed\archive_3\custom_videos\c999_stop_010.mp4,custom,1.0
stop,c999_stop_016,train,999,"[0, 0, 640, 480]",1,76,D:\Compressed\archive_3\custom_videos\c999_stop_016.mp4,custom,1.0
stop,c999_stop_022,train,999,"[0, 0, 640, 480]",1,77,D:\Compressed\archive_3\custom_videos\c999_stop_022.mp4,custom,1.0
stop,c999_stop_011,train,999,"[0, 0, 640, 480]",1,76,D:\Compressed\archive_3\custom_videos\c999_stop_011.mp4,custom,1.0
stop,c999_stop_001,train,999,"[0, 0, 640, 480]",1,68,D:\Compressed\archive_3\custom_videos\c999_stop_001.mp4,custom,0.9375
stop,c999_stop_012,train,999,"[0, 0, 640, 480]",1,77,D:\Compressed\archive_3\custom_videos\c999_stop_012.mp4,custom,1.0
stop,c999_stop_007,train,999,"[0, 0, 640, 480]",1,77,D:\Compressed\archive_3\custom_videos\c999_stop_007.mp4,custom,0.96875
stop,c999_stop_025,train,999,"[0, 0, 640, 480]",1,76,D:\Compressed\archive_3\custom_videos\c999_stop_025.mp4,custom,1.0
stop,c999_stop_015,train,999,"[0, 0, 640, 480]",1,76,D:\Compressed\archive_3\custom_videos\c999_stop_015.mp4,custom,1.0
stop,c999_stop_002,train,999,"[0, 0, 640, 480]",1,77,D:\Compressed\archive_3\custom_videos\c999_stop_002.mp4,custom,1.0
stop,c999_stop_021,train,999,"[0, 0, 640, 480]",1,77,D:\Compressed\archive_3\custom_videos\c999_stop_021.mp4,custom,1.0
thankyou,c999_thankyou_014,val,999,"[0, 0, 640, 480]",1,77,D:\Compressed\archive_3\custom_videos\c999_thankyou_014.mp4,custom,1.0
thankyou,c999_thankyou_006,val,999,"[0, 0, 640, 480]",1,75,D:\Compressed\archive_3\custom_videos\c999_thankyou_006.mp4,custom,1.0
thankyou,c999_thankyou_021,test,999,"[0, 0, 640, 480]",1,75,D:\Compressed\archive_3\custom_videos\c999_thankyou_021.mp4,custom,1.0
thankyou,c999_thankyou_029,test,999,"[0, 0, 640, 480]",1,75,D:\Compressed\archive_3\custom_videos\c999_thankyou_029.mp4,custom,0.71875
thankyou,c999_thankyou_008,train,999,"[0, 0, 640, 480]",1,75,D:\Compressed\archive_3\custom_videos\c999_thankyou_008.mp4,custom,1.0
thankyou,c999_thankyou_015,train,999,"[0, 0, 640, 480]",1,76,D:\Compressed\archive_3\custom_videos\c999_thankyou_015.mp4,custom,1.0
thankyou,c999_thankyou_018,train,999,"[0, 0, 640, 480]",1,76,D:\Compressed\archive_3\custom_videos\c999_thankyou_018.mp4,custom,1.0
thankyou,c999_thankyou_009,train,999,"[0, 0, 640, 480]",1,75,D:\Compressed\archive_3\custom_videos\c999_thankyou_009.mp4,custom,0.875
thankyou,c999_thankyou_030,train,999,"[0, 0, 640, 480]",1,75,D:\Compressed\archive_3\custom_videos\c999_thankyou_030.mp4,custom,0.53125
thankyou,c999_thankyou_010,train,999,"[0, 0, 640, 480]",1,75,D:\Compressed\archive_3\custom_videos\c999_thankyou_010.mp4,custom,1.0
thankyou,c999_thankyou_016,train,999,"[0, 0, 640, 480]",1,75,D:\Compressed\archive_3\custom_videos\c999_thankyou_016.mp4,custom,1.0
thankyou,c999_thankyou_013,train,999,"[0, 0, 640, 480]",1,76,D:\Compressed\archive_3\custom_videos\c999_thankyou_013.mp4,custom,1.0
thankyou,c999_thankyou_023,train,999,"[0, 0, 640, 480]",1,75,D:\Compressed\archive_3\custom_videos\c999_thankyou_023.mp4,custom,0.90625
thankyou,c999_thankyou_001,train,999,"[0, 0, 640, 480]",1,75,D:\Compressed\archive_3\custom_videos\c999_thankyou_001.mp4,custom,0.46875
thankyou,c999_thankyou_019,train,999,"[0, 0, 640, 480]",1,75,D:\Compressed\archive_3\custom_videos\c999_thankyou_019.mp4,custom,1.0
thankyou,c999_thankyou_003,train,999,"[0, 0, 640, 480]",1,75,D:\Compressed\archive_3\custom_videos\c999_thankyou_003.mp4,custom,1.0
thankyou,c999_thankyou_007,train,999,"[0, 0, 640, 480]",1,75,D:\Compressed\archive_3\custom_videos\c999_thankyou_007.mp4,custom,0.90625
thankyou,c999_thankyou_011,train,999,"[0, 0, 640, 480]",1,75,D:\Compressed\archive_3\custom_videos\c999_thankyou_011.mp4,custom,1.0
thankyou,c999_thankyou_027,train,999,"[0, 0, 640, 480]",1,75,D:\Compressed\archive_3\custom_videos\c999_thankyou_027.mp4,custom,1.0
thankyou,c999_thankyou_022,train,999,"[0, 0, 640, 480]",1,75,D:\Compressed\archive_3\custom_videos\c999_thankyou_022.mp4,custom,1.0
thankyou,c999_thankyou_012,train,999,"[0, 0, 640, 480]",1,75,D:\Compressed\archive_3\custom_videos\c999_thankyou_012.mp4,custom,1.0
thankyou,c999_thankyou_017,train,999,"[0, 0, 640, 480]",1,75,D:\Compressed\archive_3\custom_videos\c999_thankyou_017.mp4,custom,1.0
thankyou,c999_thankyou_028,train,999,"[0, 0, 640, 480]",1,75,D:\Compressed\archive_3\custom_videos\c999_thankyou_028.mp4,custom,1.0
thankyou,c999_thankyou_020,train,999,"[0, 0, 640, 480]",1,76,D:\Compressed\archive_3\custom_videos\c999_thankyou_020.mp4,custom,1.0
thankyou,c999_thankyou_002,train,999,"[0, 0, 640, 480]",1,75,D:\Compressed\archive_3\custom_videos\c999_thankyou_002.mp4,custom,1.0
thankyou,c999_thankyou_005,train,999,"[0, 0, 640, 480]",1,75,D:\Compressed\archive_3\custom_videos\c999_thankyou_005.mp4,custom,1.0
thankyou,c999_thankyou_025,train,999,"[0, 0, 640, 480]",1,75,D:\Compressed\archive_3\custom_videos\c999_thankyou_025.mp4,custom,1.0
thankyou,c999_thankyou_024,train,999,"[0, 0, 640, 480]",1,75,D:\Compressed\archive_3\custom_videos\c999_thankyou_024.mp4,custom,1.0
thankyou,c999_thankyou_004,train,999,"[0, 0, 640, 480]",1,75,D:\Compressed\archive_3\custom_videos\c999_thankyou_004.mp4,custom,1.0
thankyou,c999_thankyou_026,train,999,"[0, 0, 640, 480]",1,75,D:\Compressed\archive_3\custom_videos\c999_thankyou_026.mp4,custom,1.0
like,c999_like_028,val,999,"[0, 0, 640, 480]",1,77,D:\Compressed\archive_3\custom_videos\c999_like_028.mp4,custom,0.875
like,c999_like_009,val,999,"[0, 0, 640, 480]",1,75,D:\Compressed\archive_3\custom_videos\c999_like_009.mp4,custom,0.90625
like,c999_like_022,test,999,"[0, 0, 640, 480]",1,77,D:\Compressed\archive_3\custom_videos\c999_like_022.mp4,custom,1.0
like,c999_like_023,test,999,"[0, 0, 640, 480]",1,76,D:\Compressed\archive_3\custom_videos\c999_like_023.mp4,custom,1.0
like,c999_like_030,train,999,"[0, 0, 640, 480]",1,76,D:\Compressed\archive_3\custom_videos\c999_like_030.mp4,custom,0.90625
like,c999_like_006,train,999,"[0, 0, 640, 480]",1,38,D:\Compressed\archive_3\custom_videos\c999_like_006.mp4,custom,0.59375
like,c999_like_019,train,999,"[0, 0, 640, 480]",1,76,D:\Compressed\archive_3\custom_videos\c999_like_019.mp4,custom,1.0
like,c999_like_027,train,999,"[0, 0, 640, 480]",1,76,D:\Compressed\archive_3\custom_videos\c999_like_027.mp4,custom,0.9375
like,c999_like_005,train,999,"[0, 0, 640, 480]",1,38,D:\Compressed\archive_3\custom_videos\c999_like_005.mp4,custom,0.75
like,c999_like_026,train,999,"[0, 0, 640, 480]",1,77,D:\Compressed\archive_3\custom_videos\c999_like_026.mp4,custom,1.0
like,c999_like_029,train,999,"[0, 0, 640, 480]",1,76,D:\Compressed\archive_3\custom_videos\c999_like_029.mp4,custom,0.875
like,c999_like_014,train,999,"[0, 0, 640, 480]",1,77,D:\Compressed\archive_3\custom_videos\c999_like_014.mp4,custom,0.875
like,c999_like_010,train,999,"[0, 0, 640, 480]",1,70,D:\Compressed\archive_3\custom_videos\c999_like_010.mp4,custom,0.53125
like,c999_like_021,train,999,"[0, 0, 640, 480]",1,64,D:\Compressed\archive_3\custom_videos\c999_like_021.mp4,custom,0.46875
like,c999_like_012,train,999,"[0, 0, 640, 480]",1,77,D:\Compressed\archive_3\custom_videos\c999_like_012.mp4,custom,0.90625
like,c999_like_017,train,999,"[0, 0, 640, 480]",1,77,D:\Compressed\archive_3\custom_videos\c999_like_017.mp4,custom,1.0
like,c999_like_015,train,999,"[0, 0, 640, 480]",1,76,D:\Compressed\archive_3\custom_videos\c999_like_015.mp4,custom,0.8125
like,c999_like_004,train,999,"[0, 0, 640, 480]",1,38,D:\Compressed\archive_3\custom_videos\c999_like_004.mp4,custom,0.25
like,c999_like_013,train,999,"[0, 0, 640, 480]",1,76,D:\Compressed\archive_3\custom_videos\c999_like_013.mp4,custom,0.75
like,c999_like_024,train,999,"[0, 0, 640, 480]",1,77,D:\Compressed\archive_3\custom_videos\c999_like_024.mp4,custom,1.0
like,c999_like_020,train,999,"[0, 0, 640, 480]",1,77,D:\Compressed\archive_3\custom_videos\c999_like_020.mp4,custom,0.96875
like,c999_like_003,train,999,"[0, 0, 640, 480]",1,38,D:\Compressed\archive_3\custom_videos\c999_like_003.mp4,custom,0.28125
like,c999_like_016,train,999,"[0, 0, 640, 480]",1,77,D:\Compressed\archive_3\custom_videos\c999_like_016.mp4,custom,0.875
like,c999_like_011,train,999,"[0, 0, 640, 480]",1,77,D:\Compressed\archive_3\custom_videos\c999_like_011.mp4,custom,0.875
like,c999_like_001,train,999,"[0, 0, 640, 480]",1,38,D:\Compressed\archive_3\custom_videos\c999_like_001.mp4,custom,0.90625
like,c999_like_008,train,999,"[0, 0, 640, 480]",1,38,D:\Compressed\archive_3\custom_videos\c999_like_008.mp4,custom,0.90625
like,c999_like_007,train,999,"[0, 0, 640, 480]",1,38,D:\Compressed\archive_3\custom_videos\c999_like_007.mp4,custom,0.6875
like,c999_like_018,train,999,"[0, 0, 640, 480]",1,77,D:\Compressed\archive_3\custom_videos\c999_like_018.mp4,custom,0.90625
like,c999_like_002,train,999,"[0, 0, 640, 480]",1,38,D:\Compressed\archive_3\custom_videos\c999_like_002.mp4,custom,0.53125
like,c999_like_025,train,999,"[0, 0, 640, 480]",1,76,D:\Compressed\archive_3\custom_videos\c999_like_025.mp4,custom,1.0
want,c999_want_004,val,999,"[0, 0, 640, 480]",1,76,D:\Compressed\archive_3\custom_videos\c999_want_004.mp4,custom,1.0
want,c999_want_014,val,999,"[0, 0, 640, 480]",1,77,D:\Compressed\archive_3\custom_videos\c999_want_014.mp4,custom,1.0
want,c999_want_010,test,999,"[0, 0, 640, 480]",1,77,D:\Compressed\archive_3\custom_videos\c999_want_010.mp4,custom,1.0
want,c999_want_003,test,999,"[0, 0, 640, 480]",1,77,D:\Compressed\archive_3\custom_videos\c999_want_003.mp4,custom,0.90625
want,c999_want_011,train,999,"[0, 0, 640, 480]",1,77,D:\Compressed\archive_3\custom_videos\c999_want_011.mp4,custom,1.0
want,c999_want_007,train,999,"[0, 0, 640, 480]",1,76,D:\Compressed\archive_3\custom_videos\c999_want_007.mp4,custom,1.0
want,c999_want_005,train,999,"[0, 0, 640, 480]",1,77,D:\Compressed\archive_3\custom_videos\c999_want_005.mp4,custom,1.0
want,c999_want_012,train,999,"[0, 0, 640, 480]",1,77,D:\Compressed\archive_3\custom_videos\c999_want_012.mp4,custom,1.0
want,c999_want_024,train,999,"[0, 0, 640, 480]",1,77,D:\Compressed\archive_3\custom_videos\c999_want_024.mp4,custom,0.8125
want,c999_want_020,train,999,"[0, 0, 640, 480]",1,70,D:\Compressed\archive_3\custom_videos\c999_want_020.mp4,custom,1.0
want,c999_want_001,train,999,"[0, 0, 640, 480]",1,76,D:\Compressed\archive_3\custom_videos\c999_want_001.mp4,custom,1.0
want,c999_want_026,train,999,"[0, 0, 640, 480]",1,76,D:\Compressed\archive_3\custom_videos\c999_want_026.mp4,custom,0.75
want,c999_want_002,train,999,"[0, 0, 640, 480]",1,76,D:\Compressed\archive_3\custom_videos\c999_want_002.mp4,custom,1.0
want,c999_want_028,train,999,"[0, 0, 640, 480]",1,77,D:\Compressed\archive_3\custom_videos\c999_want_028.mp4,custom,1.0
want,c999_want_017,train,999,"[0, 0, 640, 480]",1,42,D:\Compressed\archive_3\custom_videos\c999_want_017.mp4,custom,0.8125
want,c999_want_023,train,999,"[0, 0, 640, 480]",1,77,D:\Compressed\archive_3\custom_videos\c999_want_023.mp4,custom,1.0
want,c999_want_030,train,999,"[0, 0, 640, 480]",1,77,D:\Compressed\archive_3\custom_videos\c999_want_030.mp4,custom,1.0
want,c999_want_022,train,999,"[0, 0, 640, 480]",1,76,D:\Compressed\archive_3\custom_videos\c999_want_022.mp4,custom,1.0
want,c999_want_008,train,999,"[0, 0, 640, 480]",1,76,D:\Compressed\archive_3\custom_videos\c999_want_008.mp4,custom,1.0
want,c999_want_018,train,999,"[0, 0, 640, 480]",1,42,D:\Compressed\archive_3\custom_videos\c999_want_018.mp4,custom,0.78125
want,c999_want_013,train,999,"[0, 0, 640, 480]",1,77,D:\Compressed\archive_3\custom_videos\c999_want_013.mp4,custom,0.9375
want,c999_want_025,train,999,"[0, 0, 640, 480]",1,77,D:\Compressed\archive_3\custom_videos\c999_want_025.mp4,custom,1.0
want,c999_want_016,train,999,"[0, 0, 640, 480]",1,42,D:\Compressed\archive_3\custom_videos\c999_want_016.mp4,custom,0.90625
want,c999_want_015,train,999,"[0, 0, 640, 480]",1,77,D:\Compressed\archive_3\custom_videos\c999_want_015.mp4,custom,1.0
want,c999_want_006,train,999,"[0, 0, 640, 480]",1,76,D:\Compressed\archive_3\custom_videos\c999_want_006.mp4,custom,0.96875
want,c999_want_019,train,999,"[0, 0, 640, 480]",1,42,D:\Compressed\archive_3\custom_videos\c999_want_019.mp4,custom,0.96875
want,c999_want_009,train,999,"[0, 0, 640, 480]",1,77,D:\Compressed\archive_3\custom_videos\c999_want_009.mp4,custom,0.875
want,c999_want_029,train,999,"[0, 0, 640, 480]",1,76,D:\Compressed\archive_3\custom_videos\c999_want_029.mp4,custom,1.0
want,c999_want_027,train,999,"[0, 0, 640, 480]",1,76,D:\Compressed\archive_3\custom_videos\c999_want_027.mp4,custom,0.46875
want,c999_want_021,train,999,"[0, 0, 640, 480]",1,76,D:\Compressed\archive_3\custom_videos\c999_want_021.mp4,custom,1.0
go,c999_go_011,val,999,"[0, 0, 640, 480]",1,64,D:\Compressed\archive_3\custom_videos\c999_go_011.mp4,custom,0.90625
go,c999_go_024,val,999,"[0, 0, 640, 480]",1,77,D:\Compressed\archive_3\custom_videos\c999_go_024.mp4,custom,1.0
go,c999_go_029,test,999,"[0, 0, 640, 480]",1,77,D:\Compressed\archive_3\custom_videos\c999_go_029.mp4,custom,0.96875
go,c999_go_027,test,999,"[0, 0, 640, 480]",1,76,D:\Compressed\archive_3\custom_videos\c999_go_027.mp4,custom,1.0
go,c999_go_025,train,999,"[0, 0, 640, 480]",1,76,D:\Compressed\archive_3\custom_videos\c999_go_025.mp4,custom,1.0
go,c999_go_023,train,999,"[0, 0, 640, 480]",1,42,D:\Compressed\archive_3\custom_videos\c999_go_023.mp4,custom,1.0
go,c999_go_006,train,999,"[0, 0, 640, 480]",1,76,D:\Compressed\archive_3\custom_videos\c999_go_006.mp4,custom,0.8125
go,c999_go_015,train,999,"[0, 0, 640, 480]",1,76,D:\Compressed\archive_3\custom_videos\c999_go_015.mp4,custom,1.0
go,c999_go_016,train,999,"[0, 0, 640, 480]",1,77,D:\Compressed\archive_3\custom_videos\c999_go_016.mp4,custom,1.0
go,c999_go_001,train,999,"[0, 0, 640, 480]",1,77,D:\Compressed\archive_3\custom_videos\c999_go_001.mp4,custom,0.8125
go,c999_go_008,train,999,"[0, 0, 640, 480]",1,76,D:\Compressed\archive_3\custom_videos\c999_go_008.mp4,custom,0.9375
go,c999_go_003,train,999,"[0, 0, 640, 480]",1,42,D:\Compressed\archive_3\custom_videos\c999_go_003.mp4,custom,0.9375
go,c999_go_010,train,999,"[0, 0, 640, 480]",1,76,D:\Compressed\archive_3\custom_videos\c999_go_010.mp4,custom,1.0
go,c999_go_009,train,999,"[0, 0, 640, 480]",1,76,D:\Compressed\archive_3\custom_videos\c999_go_009.mp4,custom,0.875
go,c999_go_007,train,999,"[0, 0, 640, 480]",1,76,D:\Compressed\archive_3\custom_videos\c999_go_007.mp4,custom,1.0
go,c999_go_019,train,999,"[0, 0, 640, 480]",1,77,D:\Compressed\archive_3\custom_videos\c999_go_019.mp4,custom,1.0
go,c999_go_028,train,999,"[0, 0, 640, 480]",1,77,D:\Compressed\archive_3\custom_videos\c999_go_028.mp4,custom,1.0
go,c999_go_013,train,999,"[0, 0, 640, 480]",1,77,D:\Compressed\archive_3\custom_videos\c999_go_013.mp4,custom,1.0
go,c999_go_021,train,999,"[0, 0, 640, 480]",1,42,D:\Compressed\archive_3\custom_videos\c999_go_021.mp4,custom,0.6875
go,c999_go_012,train,999,"[0, 0, 640, 480]",1,64,D:\Compressed\archive_3\custom_videos\c999_go_012.mp4,custom,1.0
go,c999_go_017,train,999,"[0, 0, 640, 480]",1,77,D:\Compressed\archive_3\custom_videos\c999_go_017.mp4,custom,1.0
go,c999_go_005,train,999,"[0, 0, 640, 480]",1,42,D:\Compressed\archive_3\custom_videos\c999_go_005.mp4,custom,0.71875
go,c999_go_030,train,999,"[0, 0, 640, 480]",1,77,D:\Compressed\archive_3\custom_videos\c999_go_030.mp4,custom,1.0
go,c999_go_022,train,999,"[0, 0, 640, 480]",1,42,D:\Compressed\archive_3\custom_videos\c999_go_022.mp4,custom,1.0
go,c999_go_018,train,999,"[0, 0, 640, 480]",1,77,D:\Compressed\archive_3\custom_videos\c999_go_018.mp4,custom,1.0
go,c999_go_004,train,999,"[0, 0, 640, 480]",1,42,D:\Compressed\archive_3\custom_videos\c999_go_004.mp4,custom,0.21875
go,c999_go_002,train,999,"[0, 0, 640, 480]",1,42,D:\Compressed\archive_3\custom_videos\c999_go_002.mp4,custom,0.6875
go,c999_go_014,train,999,"[0, 0, 640, 480]",1,77,D:\Compressed\archive_3\custom_videos\c999_go_014.mp4,custom,1.0
go,c999_go_020,train,999,"[0, 0, 640, 480]",1,77,D:\Compressed\archive_3\custom_videos\c999_go_020.mp4,custom,0.96875
go,c999_go_026,train,999,"[0, 0, 640, 480]",1,76,D:\Compressed\archive_3\custom_videos\c999_go_026.mp4,custom,1.0
I,c999_I_015,val,999,"[0, 0, 640, 480]",1,77,D:\Compressed\archive_3\custom_videos\c999_I_015.mp4,custom,0.40625
I,c999_I_006,val,999,"[0, 0, 640, 480]",1,77,D:\Compressed\archive_3\custom_videos\c999_I_006.mp4,custom,0.28125
I,c999_I_031,test,999,"[0, 0, 640, 480]",1,42,D:\Compressed\archive_3\custom_videos\c999_I_031.mp4,custom,0.40625
I,c999_I_013,test,999,"[0, 0, 640, 480]",1,77,D:\Compressed\archive_3\custom_videos\c999_I_013.mp4,custom,0.375
I,c999_I_033,train,999,"[0, 0, 640, 480]",1,42,D:\Compressed\archive_3\custom_videos\c999_I_033.mp4,custom,1.0
I,c999_I_011,train,999,"[0, 0, 640, 480]",1,77,D:\Compressed\archive_3\custom_videos\c999_I_011.mp4,custom,0.5625
I,c999_I_025,train,999,"[0, 0, 640, 480]",1,77,D:\Compressed\archive_3\custom_videos\c999_I_025.mp4,custom,0.8125
I,c999_I_039,train,999,"[0, 0, 640, 480]",1,42,D:\Compressed\archive_3\custom_videos\c999_I_039.mp4,custom,1.0
I,c999_I_040,train,999,"[0, 0, 640, 480]",1,42,D:\Compressed\archive_3\custom_videos\c999_I_040.mp4,custom,0.75
I,c999_I_017,train,999,"[0, 0, 640, 480]",1,48,D:\Compressed\archive_3\custom_videos\c999_I_017.mp4,custom,0.375
I,c999_I_026,train,999,"[0, 0, 640, 480]",1,76,D:\Compressed\archive_3\custom_videos\c999_I_026.mp4,custom,0.625
I,c999_I_041,train,999,"[0, 0, 640, 480]",1,76,D:\Compressed\archive_3\custom_videos\c999_I_041.mp4,custom,0.9375
I,c999_I_032,train,999,"[0, 0, 640, 480]",1,42,D:\Compressed\archive_3\custom_videos\c999_I_032.mp4,custom,1.0
I,c999_I_022,train,999,"[0, 0, 640, 480]",1,76,D:\Compressed\archive_3\custom_videos\c999_I_022.mp4,custom,0.3125
I,c999_I_003,train,999,"[0, 0, 640, 480]",1,77,D:\Compressed\archive_3\custom_videos\c999_I_003.mp4,custom,0.21875
I,c999_I_021,train,999,"[0, 0, 640, 480]",1,76,D:\Compressed\archive_3\custom_videos\c999_I_021.mp4,custom,0.34375
I,c999_I_019,train,999,"[0, 0, 640, 480]",1,77,D:\Compressed\archive_3\custom_videos\c999_I_019.mp4,custom,0.4375
I,c999_I_010,train,999,"[0, 0, 640, 480]",1,77,D:\Compressed\archive_3\custom_videos\c999_I_010.mp4,custom,0.25
I,c999_I_008,train,999,"[0, 0, 640, 480]",1,77,D:\Compressed\archive_3\custom_videos\c999_I_008.mp4,custom,0.21875
I,c999_I_046,train,999,"[0, 0, 640, 480]",1,54,D:\Compressed\archive_3\custom_videos\c999_I_046.mp4,custom,0.9375
I,c999_I_001,train,999,"[0, 0, 640, 480]",1,77,D:\Compressed\archive_3\custom_videos\c999_I_001.mp4,custom,0.28125
I,c999_I_002,train,999,"[0, 0, 640, 480]",1,76,D:\Compressed\archive_3\custom_videos\c999_I_002.mp4,custom,0.34375
I,c999_I_042,train,999,"[0, 0, 640, 480]",1,76,D:\Compressed\archive_3\custom_videos\c999_I_042.mp4,custom,0.75
I,c999_I_009,train,999,"[0, 0, 640, 480]",1,77,D:\Compressed\archive_3\custom_videos\c999_I_009.mp4,custom,0.25
I,c999_I_029,train,999,"[0, 0, 640, 480]",1,76,D:\Compressed\archive_3\custom_videos\c999_I_029.mp4,custom,0.21875
I,c999_I_016,train,999,"[0, 0, 640, 480]",1,77,D:\Compressed\archive_3\custom_videos\c999_I_016.mp4,custom,0.46875
I,c999_I_004,train,999,"[0, 0, 640, 480]",1,77,D:\Compressed\archive_3\custom_videos\c999_I_004.mp4,custom,0.25
I,c999_I_048,train,999,"[0, 0, 640, 480]",1,42,D:\Compressed\archive_3\custom_videos\c999_I_048.mp4,custom,0.875
I,c999_I_024,train,999,"[0, 0, 640, 480]",1,76,D:\Compressed\archive_3\custom_videos\c999_I_024.mp4,custom,0.46875
I,c999_I_030,train,999,"[0, 0, 640, 480]",1,77,D:\Compressed\archive_3\custom_videos\c999_I_030.mp4,custom,0.28125
I,c999_I_037,train,999,"[0, 0, 640, 480]",1,42,D:\Compressed\archive_3\custom_videos\c999_I_037.mp4,custom,0.90625
I,c999_I_050,train,999,"[0, 0, 640, 480]",1,42,D:\Compressed\archive_3\custom_videos\c999_I_050.mp4,custom,0.8125
I,c999_I_043,train,999,"[0, 0, 640, 480]",1,77,D:\Compressed\archive_3\custom_videos\c999_I_043.mp4,custom,0.75
I,c999_I_007,train,999,"[0, 0, 640, 480]",1,76,D:\Compressed\archive_3\custom_videos\c999_I_007.mp4,custom,0.21875
I,c999_I_028,train,999,"[0, 0, 640, 480]",1,76,D:\Compressed\archive_3\custom_videos\c999_I_028.mp4,custom,0.28125
I,c999_I_023,train,999,"[0, 0, 640, 480]",1,77,D:\Compressed\archive_3\custom_videos\c999_I_023.mp4,custom,0.46875
I,c999_I_027,train,999,"[0, 0, 640, 480]",1,77,D:\Compressed\archive_3\custom_videos\c999_I_027.mp4,custom,0.21875
I,c999_I_018,train,999,"[0, 0, 640, 480]",1,76,D:\Compressed\archive_3\custom_videos\c999_I_018.mp4,custom,0.4375
I,c999_I_035,train,999,"[0, 0, 640, 480]",1,42,D:\Compressed\archive_3\custom_videos\c999_I_035.mp4,custom,0.8125
I,c999_I_047,train,999,"[0, 0, 640, 480]",1,77,D:\Compressed\archive_3\custom_videos\c999_I_047.mp4,custom,0.84375
I,c999_I_044,train,999,"[0, 0, 640, 480]",1,77,D:\Compressed\archive_3\custom_videos\c999_I_044.mp4,custom,0.71875
I,c999_I_049,train,999,"[0, 0, 640, 480]",1,42,D:\Compressed\archive_3\custom_videos\c999_I_049.mp4,custom,0.84375
I,c999_I_036,train,999,"[0, 0, 640, 480]",1,42,D:\Compressed\archive_3\custom_videos\c999_I_036.mp4,custom,0.6875
I,c999_I_020,train,999,"[0, 0, 640, 480]",1,77,D:\Compressed\archive_3\custom_videos\c999_I_020.mp4,custom,0.34375
I,c999_I_012,train,999,"[0, 0, 640, 480]",1,76,D:\Compressed\archive_3\custom_videos\c999_I_012.mp4,custom,0.5
I,c999_I_045,train,999,"[0, 0, 640, 480]",1,76,D:\Compressed\archive_3\custom_videos\c999_I_045.mp4,custom,0.96875
I,c999_I_014,train,999,"[0, 0, 640, 480]",1,76,D:\Compressed\archive_3\custom_videos\c999_I_014.mp4,custom,0.375
I,c999_I_034,train,999,"[0, 0, 640, 480]",1,42,D:\Compressed\archive_3\custom_videos\c999_I_034.mp4,custom,0.65625
I,c999_I_005,train,999,"[0, 0, 640, 480]",1,77,D:\Compressed\archive_3\custom_videos\c999_I_005.mp4,custom,0.375
I,c999_I_038,train,999,"[0, 0, 640, 480]",1,42,D:\Compressed\archive_3\custom_videos\c999_I_038.mp4,custom,0.90625
sad,c999_sad_006,val,999,"[0, 0, 640, 480]",1,76,D:\Compressed\archive_3\custom_videos\c999_sad_006.mp4,custom,0.65625
sad,c999_sad_001,val,999,"[0, 0, 640, 480]",1,42,D:\Compressed\archive_3\custom_videos\c999_sad_001.mp4,custom,0.84375
sad,c999_sad_008,test,999,"[0, 0, 640, 480]",1,77,D:\Compressed\archive_3\custom_videos\c999_sad_008.mp4,custom,0.875
sad,c999_sad_010,test,999,"[0, 0, 640, 480]",1,76,D:\Compressed\archive_3\custom_videos\c999_sad_010.mp4,custom,0.71875
sad,c999_sad_002,train,999,"[0, 0, 640, 480]",1,42,D:\Compressed\archive_3\custom_videos\c999_sad_002.mp4,custom,0.78125
sad,c999_sad_007,train,999,"[0, 0, 640, 480]",1,77,D:\Compressed\archive_3\custom_videos\c999_sad_007.mp4,custom,0.90625
sad,c999_sad_009,train,999,"[0, 0, 640, 480]",1,77,D:\Compressed\archive_3\custom_videos\c999_sad_009.mp4,custom,0.9375
sad,c999_sad_005,train,999,"[0, 0, 640, 480]",1,77,D:\Compressed\archive_3\custom_videos\c999_sad_005.mp4,custom,0.53125
sad,c999_sad_004,train,999,"[0, 0, 640, 480]",1,77,D:\Compressed\archive_3\custom_videos\c999_sad_004.mp4,custom,0.96875
sad,c999_sad_003,train,999,"[0, 0, 640, 480]",1,76,D:\Compressed\archive_3\custom_videos\c999_sad_003.mp4,custom,0.71875
what,c999_what_024,val,999,"[0, 0, 640, 480]",1,77,D:\Compressed\archive_3\custom_videos\c999_what_024.mp4,custom,0.9375
what,c999_what_025,val,999,"[0, 0, 640, 480]",1,76,D:\Compressed\archive_3\custom_videos\c999_what_025.mp4,custom,0.75
what,c999_what_014,test,999,"[0, 0, 640, 480]",1,76,D:\Compressed\archive_3\custom_videos\c999_what_014.mp4,custom,0.96875
what,c999_what_017,test,999,"[0, 0, 640, 480]",1,42,D:\Compressed\archive_3\custom_videos\c999_what_017.mp4,custom,0.8125
what,c999_what_011,train,999,"[0, 0, 640, 480]",1,76,D:\Compressed\archive_3\custom_videos\c999_what_011.mp4,custom,0.96875
what,c999_what_004,train,999,"[0, 0, 640, 480]",1,38,D:\Compressed\archive_3\custom_videos\c999_what_004.mp4,custom,0.46875
what,c999_what_012,train,999,"[0, 0, 640, 480]",1,76,D:\Compressed\archive_3\custom_videos\c999_what_012.mp4,custom,0.84375
what,c999_what_033,train,999,"[0, 0, 640, 480]",1,77,D:\Compressed\archive_3\custom_videos\c999_what_033.mp4,custom,1.0
what,c999_what_028,train,999,"[0, 0, 640, 480]",1,77,D:\Compressed\archive_3\custom_videos\c999_what_028.mp4,custom,0.90625
what,c999_what_020,train,999,"[0, 0, 640, 480]",1,77,D:\Compressed\archive_3\custom_videos\c999_what_020.mp4,custom,1.0
what,c999_what_016,train,999,"[0, 0, 640, 480]",1,71,D:\Compressed\archive_3\custom_videos\c999_what_016.mp4,custom,0.96875
what,c999_what_027,train,999,"[0, 0, 640, 480]",1,77,D:\Compressed\archive_3\custom_videos\c999_what_027.mp4,custom,0.875
what,c999_what_013,train,999,"[0, 0, 640, 480]",1,56,D:\Compressed\archive_3\custom_videos\c999_what_013.mp4,custom,0.8125
what,c999_what_019,train,999,"[0, 0, 640, 480]",1,42,D:\Compressed\archive_3\custom_videos\c999_what_019.mp4,custom,0.75
what,c999_what_022,train,999,"[0, 0, 640, 480]",1,76,D:\Compressed\archive_3\custom_videos\c999_what_022.mp4,custom,1.0
what,c999_what_018,train,999,"[0, 0, 640, 480]",1,42,D:\Compressed\archive_3\custom_videos\c999_what_018.mp4,custom,0.9375
what,c999_what_006,train,999,"[0, 0, 640, 480]",1,38,D:\Compressed\archive_3\custom_videos\c999_what_006.mp4,custom,0.75
what,c999_what_009,train,999,"[0, 0, 640, 480]",1,38,D:\Compressed\archive_3\custom_videos\c999_what_009.mp4,custom,0.71875
what,c999_what_030,train,999,"[0, 0, 640, 480]",1,76,D:\Compressed\archive_3\custom_videos\c999_what_030.mp4,custom,0.78125
what,c999_what_029,train,999,"[0, 0, 640, 480]",1,76,D:\Compressed\archive_3\custom_videos\c999_what_029.mp4,custom,0.96875
what,c999_what_034,train,999,"[0, 0, 640, 480]",1,76,D:\Compressed\archive_3\custom_videos\c999_what_034.mp4,custom,1.0
what,c999_what_021,train,999,"[0, 0, 640, 480]",1,77,D:\Compressed\archive_3\custom_videos\c999_what_021.mp4,custom,0.96875
what,c999_what_035,train,999,"[0, 0, 640, 480]",1,77,D:\Compressed\archive_3\custom_videos\c999_what_035.mp4,custom,0.9375
what,c999_what_003,train,999,"[0, 0, 640, 480]",1,38,D:\Compressed\archive_3\custom_videos\c999_what_003.mp4,custom,0.8125
what,c999_what_005,train,999,"[0, 0, 640, 480]",1,38,D:\Compressed\archive_3\custom_videos\c999_what_005.mp4,custom,0.40625
what,c999_what_002,train,999,"[0, 0, 640, 480]",1,38,D:\Compressed\archive_3\custom_videos\c999_what_002.mp4,custom,0.84375
what,c999_what_026,train,999,"[0, 0, 640, 480]",1,76,D:\Compressed\archive_3\custom_videos\c999_what_026.mp4,custom,0.90625
what,c999_what_032,train,999,"[0, 0, 640, 480]",1,77,D:\Compressed\archive_3\custom_videos\c999_what_032.mp4,custom,1.0
what,c999_what_010,train,999,"[0, 0, 640, 480]",1,38,D:\Compressed\archive_3\custom_videos\c999_what_010.mp4,custom,0.4375
what,c999_what_031,train,999,"[0, 0, 640, 480]",1,77,D:\Compressed\archive_3\custom_videos\c999_what_031.mp4,custom,0.96875
what,c999_what_008,train,999,"[0, 0, 640, 480]",1,38,D:\Compressed\archive_3\custom_videos\c999_what_008.mp4,custom,0.625
what,c999_what_001,train,999,"[0, 0, 640, 480]",1,38,D:\Compressed\archive_3\custom_videos\c999_what_001.mp4,custom,0.34375
what,c999_what_007,train,999,"[0, 0, 640, 480]",1,38,D:\Compressed\archive_3\custom_videos\c999_what_007.mp4,custom,0.8125
what,c999_what_023,train,999,"[0, 0, 640, 480]",1,77,D:\Compressed\archive_3\custom_videos\c999_what_023.mp4,custom,0.96875
what,c999_what_015,train,999,"[0, 0, 640, 480]",1,77,D:\Compressed\archive_3\custom_videos\c999_what_015.mp4,custom,0.90625
scared,c999_scared_004,val,999,"[0, 0, 640, 480]",1,76,D:\Compressed\archive_3\custom_videos\c999_scared_004.mp4,custom,0.9375
scared,c999_scared_002,val,999,"[0, 0, 640, 480]",1,77,D:\Compressed\archive_3\custom_videos\c999_scared_002.mp4,custom,1.0
scared,c999_scared_014,test,999,"[0, 0, 640, 480]",1,77,D:\Compressed\archive_3\custom_videos\c999_scared_014.mp4,custom,1.0
scared,c999_scared_009,test,999,"[0, 0, 640, 480]",1,77,D:\Compressed\archive_3\custom_videos\c999_scared_009.mp4,custom,1.0
scared,c999_scared_007,train,999,"[0, 0, 640, 480]",1,77,D:\Compressed\archive_3\custom_videos\c999_scared_007.mp4,custom,1.0
scared,c999_scared_015,train,999,"[0, 0, 640, 480]",1,76,D:\Compressed\archive_3\custom_videos\c999_scared_015.mp4,custom,1.0
scared,c999_scared_011,train,999,"[0, 0, 640, 480]",1,77,D:\Compressed\archive_3\custom_videos\c999_scared_011.mp4,custom,1.0
scared,c999_scared_001,train,999,"[0, 0, 640, 480]",1,76,D:\Compressed\archive_3\custom_videos\c999_scared_001.mp4,custom,1.0
scared,c999_scared_006,train,999,"[0, 0, 640, 480]",1,77,D:\Compressed\archive_3\custom_videos\c999_scared_006.mp4,custom,1.0
scared,c999_scared_005,train,999,"[0, 0, 640, 480]",1,76,D:\Compressed\archive_3\custom_videos\c999_scared_005.mp4,custom,0.96875
scared,c999_scared_008,train,999,"[0, 0, 640, 480]",1,77,D:\Compressed\archive_3\custom_videos\c999_scared_008.mp4,custom,1.0
scared,c999_scared_003,train,999,"[0, 0, 640, 480]",1,77,D:\Compressed\archive_3\custom_videos\c999_scared_003.mp4,custom,0.53125
scared,c999_scared_010,train,999,"[0, 0, 640, 480]",1,77,D:\Compressed\archive_3\custom_videos\c999_scared_010.mp4,custom,1.0
scared,c999_scared_013,train,999,"[0, 0, 640, 480]",1,76,D:\Compressed\archive_3\custom_videos\c999_scared_013.mp4,custom,1.0
scared,c999_scared_012,train,999,"[0, 0, 640, 480]",1,76,D:\Compressed\archive_3\custom_videos\c999_scared_012.mp4,custom,1.0
girl,c999_girl_002,val,999,"[0, 0, 640, 480]",1,76,D:\Compressed\archive_3\custom_videos\c999_girl_002.mp4,custom,0.875
girl,c999_girl_003,val,999,"[0, 0, 640, 480]",1,77,D:\Compressed\archive_3\custom_videos\c999_girl_003.mp4,custom,1.0
girl,c999_girl_005,test,999,"[0, 0, 640, 480]",1,77,D:\Compressed\archive_3\custom_videos\c999_girl_005.mp4,custom,0.59375
girl,c999_girl_007,test,999,"[0, 0, 640, 480]",1,77,D:\Compressed\archive_3\custom_videos\c999_girl_007.mp4,custom,0.78125
girl,c999_girl_004,train,999,"[0, 0, 640, 480]",1,76,D:\Compressed\archive_3\custom_videos\c999_girl_004.mp4,custom,1.0
girl,c999_girl_006,train,999,"[0, 0, 640, 480]",1,77,D:\Compressed\archive_3\custom_videos\c999_girl_006.mp4,custom,0.5
girl,c999_girl_001,train,999,"[0, 0, 640, 480]",1,76,D:\Compressed\archive_3\custom_videos\c999_girl_001.mp4,custom,0.84375
girl,c999_girl_010,train,999,"[0, 0, 640, 480]",1,77,D:\Compressed\archive_3\custom_videos\c999_girl_010.mp4,custom,0.8125
girl,c999_girl_009,train,999,"[0, 0, 640, 480]",1,77,D:\Compressed\archive_3\custom_videos\c999_girl_009.mp4,custom,0.6875
girl,c999_girl_008,train,999,"[0, 0, 640, 480]",1,76,D:\Compressed\archive_3\custom_videos\c999_girl_008.mp4,custom,0.6875
watch,c999_watch_002,val,999,"[0, 0, 640, 480]",1,77,D:\Compressed\archive_3\custom_videos\c999_watch_002.mp4,custom,1.0
watch,c999_watch_017,val,999,"[0, 0, 640, 480]",1,77,D:\Compressed\archive_3\custom_videos\c999_watch_017.mp4,custom,1.0
watch,c999_watch_011,test,999,"[0, 0, 640, 480]",1,77,D:\Compressed\archive_3\custom_videos\c999_watch_011.mp4,custom,1.0
watch,c999_watch_009,test,999,"[0, 0, 640, 480]",1,76,D:\Compressed\archive_3\custom_videos\c999_watch_009.mp4,custom,0.84375
watch,c999_watch_010,train,999,"[0, 0, 640, 480]",1,77,D:\Compressed\archive_3\custom_videos\c999_watch_010.mp4,custom,0.875
watch,c999_watch_014,train,999,"[0, 0, 640, 480]",1,77,D:\Compressed\archive_3\custom_videos\c999_watch_014.mp4,custom,1.0
watch,c999_watch_020,train,999,"[0, 0, 640, 480]",1,77,D:\Compressed\archive_3\custom_videos\c999_watch_020.mp4,custom,1.0
watch,c999_watch_013,train,999,"[0, 0, 640, 480]",1,77,D:\Compressed\archive_3\custom_videos\c999_watch_013.mp4,custom,1.0
watch,c999_watch_016,train,999,"[0, 0, 640, 480]",1,77,D:\Compressed\archive_3\custom_videos\c999_watch_016.mp4,custom,1.0
watch,c999_watch_007,train,999,"[0, 0, 640, 480]",1,77,D:\Compressed\archive_3\custom_videos\c999_watch_007.mp4,custom,1.0
watch,c999_watch_003,train,999,"[0, 0, 640, 480]",1,77,D:\Compressed\archive_3\custom_videos\c999_watch_003.mp4,custom,0.96875
watch,c999_watch_018,train,999,"[0, 0, 640, 480]",1,76,D:\Compressed\archive_3\custom_videos\c999_watch_018.mp4,custom,1.0
watch,c999_watch_015,train,999,"[0, 0, 640, 480]",1,76,D:\Compressed\archive_3\custom_videos\c999_watch_015.mp4,custom,0.90625
watch,c999_watch_006,train,999,"[0, 0, 640, 480]",1,76,D:\Compressed\archive_3\custom_videos\c999_watch_006.mp4,custom,1.0
watch,c999_watch_008,train,999,"[0, 0, 640, 480]",1,77,D:\Compressed\archive_3\custom_videos\c999_watch_008.mp4,custom,1.0
watch,c999_watch_005,train,999,"[0, 0, 640, 480]",1,77,D:\Compressed\archive_3\custom_videos\c999_watch_005.mp4,custom,1.0
watch,c999_watch_001,train,999,"[0, 0, 640, 480]",1,77,D:\Compressed\archive_3\custom_videos\c999_watch_001.mp4,custom,1.0
watch,c999_watch_012,train,999,"[0, 0, 640, 480]",1,76,D:\Compressed\archive_3\custom_videos\c999_watch_012.mp4,custom,1.0
watch,c999_watch_019,train,999,"[0, 0, 640, 480]",1,77,D:\Compressed\archive_3\custom_videos\c999_watch_019.mp4,custom,1.0
watch,c999_watch_004,train,999,"[0, 0, 640, 480]",1,77,D:\Compressed\archive_3\custom_videos\c999_watch_004.mp4,custom,1.0
take,c999_take_007,val,999,"[0, 0, 640, 480]",1,77,D:\Compressed\archive_3\custom_videos\c999_take_007.mp4,custom,1.0
take,c999_take_010,val,999,"[0, 0, 640, 480]",1,76,D:\Compressed\archive_3\custom_videos\c999_take_010.mp4,custom,1.0
take,c999_take_004,test,999,"[0, 0, 640, 480]",1,76,D:\Compressed\archive_3\custom_videos\c999_take_004.mp4,custom,1.0
take,c999_take_006,test,999,"[0, 0, 640, 480]",1,77,D:\Compressed\archive_3\custom_videos\c999_take_006.mp4,custom,1.0
take,c999_take_005,train,999,"[0, 0, 640, 480]",1,76,D:\Compressed\archive_3\custom_videos\c999_take_005.mp4,custom,1.0
take,c999_take_009,train,999,"[0, 0, 640, 480]",1,77,D:\Compressed\archive_3\custom_videos\c999_take_009.mp4,custom,0.90625
take,c999_take_008,train,999,"[0, 0, 640, 480]",1,77,D:\Compressed\archive_3\custom_videos\c999_take_008.mp4,custom,1.0
take,c999_take_003,train,999,"[0, 0, 640, 480]",1,77,D:\Compressed\archive_3\custom_videos\c999_take_003.mp4,custom,1.0
take,c999_take_012,train,999,"[0, 0, 640, 480]",1,76,D:\Compressed\archive_3\custom_videos\c999_take_012.mp4,custom,0.875
take,c999_take_002,train,999,"[0, 0, 640, 480]",1,77,D:\Compressed\archive_3\custom_videos\c999_take_002.mp4,custom,1.0
take,c999_take_001,train,999,"[0, 0, 640, 480]",1,64,D:\Compressed\archive_3\custom_videos\c999_take_001.mp4,custom,1.0
take,c999_take_015,train,999,"[0, 0, 640, 480]",1,77,D:\Compressed\archive_3\custom_videos\c999_take_015.mp4,custom,1.0
take,c999_take_014,train,999,"[0, 0, 640, 480]",1,77,D:\Compressed\archive_3\custom_videos\c999_take_014.mp4,custom,1.0
take,c999_take_011,train,999,"[0, 0, 640, 480]",1,77,D:\Compressed\archive_3\custom_videos\c999_take_011.mp4,custom,1.0
take,c999_take_013,train,999,"[0, 0, 640, 480]",1,77,D:\Compressed\archive_3\custom_videos\c999_take_013.mp4,custom,1.0
no,c999_no_022,val,999,"[0, 0, 640, 480]",1,42,D:\Compressed\archive_3\custom_videos\c999_no_022.mp4,custom,0.84375
no,c999_no_005,val,999,"[0, 0, 640, 480]",1,77,D:\Compressed\archive_3\custom_videos\c999_no_005.mp4,custom,0.0625
no,c999_no_007,test,999,"[0, 0, 640, 480]",1,38,D:\Compressed\archive_3\custom_videos\c999_no_007.mp4,custom,0.75
no,c999_no_018,test,999,"[0, 0, 640, 480]",1,42,D:\Compressed\archive_3\custom_videos\c999_no_018.mp4,custom,0.9375
no,c999_no_009,train,999,"[0, 0, 640, 480]",1,38,D:\Compressed\archive_3\custom_videos\c999_no_009.mp4,custom,0.625
no,c999_no_011,train,999,"[0, 0, 640, 480]",1,38,D:\Compressed\archive_3\custom_videos\c999_no_011.mp4,custom,0.84375
no,c999_no_008,train,999,"[0, 0, 640, 480]",1,38,D:\Compressed\archive_3\custom_videos\c999_no_008.mp4,custom,0.4375
no,c999_no_020,train,999,"[0, 0, 640, 480]",1,42,D:\Compressed\archive_3\custom_videos\c999_no_020.mp4,custom,1.0
no,c999_no_001,train,999,"[0, 0, 640, 480]",1,77,D:\Compressed\archive_3\custom_videos\c999_no_001.mp4,custom,1.0
no,c999_no_016,train,999,"[0, 0, 640, 480]",1,42,D:\Compressed\archive_3\custom_videos\c999_no_016.mp4,custom,0.84375
no,c999_no_014,train,999,"[0, 0, 640, 480]",1,38,D:\Compressed\archive_3\custom_videos\c999_no_014.mp4,custom,0.65625
no,c999_no_003,train,999,"[0, 0, 640, 480]",1,77,D:\Compressed\archive_3\custom_videos\c999_no_003.mp4,custom,1.0
no,c999_no_025,train,999,"[0, 0, 640, 480]",1,42,D:\Compressed\archive_3\custom_videos\c999_no_025.mp4,custom,0.8125
no,c999_no_021,train,999,"[0, 0, 640, 480]",1,42,D:\Compressed\archive_3\custom_videos\c999_no_021.mp4,custom,1.0
no,c999_no_006,train,999,"[0, 0, 640, 480]",1,38,D:\Compressed\archive_3\custom_videos\c999_no_006.mp4,custom,0.4375
no,c999_no_015,train,999,"[0, 0, 640, 480]",1,38,D:\Compressed\archive_3\custom_videos\c999_no_015.mp4,custom,0.625
no,c999_no_004,train,999,"[0, 0, 640, 480]",1,77,D:\Compressed\archive_3\custom_videos\c999_no_004.mp4,custom,1.0
no,c999_no_010,train,999,"[0, 0, 640, 480]",1,38,D:\Compressed\archive_3\custom_videos\c999_no_010.mp4,custom,0.40625
no,c999_no_017,train,999,"[0, 0, 640, 480]",1,42,D:\Compressed\archive_3\custom_videos\c999_no_017.mp4,custom,0.84375
no,c999_no_002,train,999,"[0, 0, 640, 480]",1,77,D:\Compressed\archive_3\custom_videos\c999_no_002.mp4,custom,0.9375
no,c999_no_019,train,999,"[0, 0, 640, 480]",1,42,D:\Compressed\archive_3\custom_videos\c999_no_019.mp4,custom,0.75
no,c999_no_023,train,999,"[0, 0, 640, 480]",1,42,D:\Compressed\archive_3\custom_videos\c999_no_023.mp4,custom,0.84375
no,c999_no_012,train,999,"[0, 0, 640, 480]",1,38,D:\Compressed\archive_3\custom_videos\c999_no_012.mp4,custom,0.59375
no,c999_no_013,train,999,"[0, 0, 640, 480]",1,38,D:\Compressed\archive_3\custom_videos\c999_no_013.mp4,custom,0.53125
no,c999_no_024,train,999,"[0, 0, 640, 480]",1,42,D:\Compressed\archive_3\custom_videos\c999_no_024.mp4,custom,0.78125
yesterday,c999_yesterday_025,val,999,"[0, 0, 640, 480]",1,76,D:\Compressed\archive_3\custom_videos\c999_yesterday_025.mp4,custom,0.875
yesterday,c999_yesterday_018,val,999,"[0, 0, 640, 480]",1,42,D:\Compressed\archive_3\custom_videos\c999_yesterday_018.mp4,custom,1.0
yesterday,c999_yesterday_020,test,999,"[0, 0, 640, 480]",1,42,D:\Compressed\archive_3\custom_videos\c999_yesterday_020.mp4,custom,1.0
yesterday,c999_yesterday_013,test,999,"[0, 0, 640, 480]",1,77,D:\Compressed\archive_3\custom_videos\c999_yesterday_013.mp4,custom,1.0
yesterday,c999_yesterday_022,train,999,"[0, 0, 640, 480]",1,77,D:\Compressed\archive_3\custom_videos\c999_yesterday_022.mp4,custom,1.0
yesterday,c999_yesterday_019,train,999,"[0, 0, 640, 480]",1,42,D:\Compressed\archive_3\custom_videos\c999_yesterday_019.mp4,custom,1.0
yesterday,c999_yesterday_006,train,999,"[0, 0, 640, 480]",1,77,D:\Compressed\archive_3\custom_videos\c999_yesterday_006.mp4,custom,0.875
yesterday,c999_yesterday_007,train,999,"[0, 0, 640, 480]",1,77,D:\Compressed\archive_3\custom_videos\c999_yesterday_007.mp4,custom,1.0
yesterday,c999_yesterday_015,train,999,"[0, 0, 640, 480]",1,42,D:\Compressed\archive_3\custom_videos\c999_yesterday_015.mp4,custom,1.0
yesterday,c999_yesterday_012,train,999,"[0, 0, 640, 480]",1,77,D:\Compressed\archive_3\custom_videos\c999_yesterday_012.mp4,custom,1.0
yesterday,c999_yesterday_024,train,999,"[0, 0, 640, 480]",1,77,D:\Compressed\archive_3\custom_videos\c999_yesterday_024.mp4,custom,1.0
yesterday,c999_yesterday_008,train,999,"[0, 0, 640, 480]",1,43,D:\Compressed\archive_3\custom_videos\c999_yesterday_008.mp4,custom,0.78125
yesterday,c999_yesterday_003,train,999,"[0, 0, 640, 480]",1,76,D:\Compressed\archive_3\custom_videos\c999_yesterday_003.mp4,custom,1.0
yesterday,c999_yesterday_001,train,999,"[0, 0, 640, 480]",1,76,D:\Compressed\archive_3\custom_videos\c999_yesterday_001.mp4,custom,1.0
yesterday,c999_yesterday_017,train,999,"[0, 0, 640, 480]",1,42,D:\Compressed\archive_3\custom_videos\c999_yesterday_017.mp4,custom,1.0
yesterday,c999_yesterday_016,train,999,"[0, 0, 640, 480]",1,42,D:\Compressed\archive_3\custom_videos\c999_yesterday_016.mp4,custom,1.0
yesterday,c999_yesterday_014,train,999,"[0, 0, 640, 480]",1,42,D:\Compressed\archive_3\custom_videos\c999_yesterday_014.mp4,custom,1.0
yesterday,c999_yesterday_009,train,999,"[0, 0, 640, 480]",1,42,D:\Compressed\archive_3\custom_videos\c999_yesterday_009.mp4,custom,1.0
yesterday,c999_yesterday_004,train,999,"[0, 0, 640, 480]",1,77,D:\Compressed\archive_3\custom_videos\c999_yesterday_004.mp4,custom,0.875
yesterday,c999_yesterday_011,train,999,"[0, 0, 640, 480]",1,76,D:\Compressed\archive_3\custom_videos\c999_yesterday_011.mp4,custom,1.0
yesterday,c999_yesterday_021,train,999,"[0, 0, 640, 480]",1,76,D:\Compressed\archive_3\custom_videos\c999_yesterday_021.mp4,custom,1.0
yesterday,c999_yesterday_023,train,999,"[0, 0, 640, 480]",1,77,D:\Compressed\archive_3\custom_videos\c999_yesterday_023.mp4,custom,1.0
yesterday,c999_yesterday_010,train,999,"[0, 0, 640, 480]",1,42,D:\Compressed\archive_3\custom_videos\c999_yesterday_010.mp4,custom,0.84375
yesterday,c999_yesterday_005,train,999,"[0, 0, 640, 480]",1,76,D:\Compressed\archive_3\custom_videos\c999_yesterday_005.mp4,custom,1.0
yesterday,c999_yesterday_002,train,999,"[0, 0, 640, 480]",1,76,D:\Compressed\archive_3\custom_videos\c999_yesterday_002.mp4,custom,1.0
drink,c999_drink_011,val,999,"[0, 0, 640, 480]",1,77,D:\Compressed\archive_3\custom_videos\c999_drink_011.mp4,custom,0.96875
drink,c999_drink_014,val,999,"[0, 0, 640, 480]",1,77,D:\Compressed\archive_3\custom_videos\c999_drink_014.mp4,custom,0.8125
drink,c999_drink_002,test,999,"[0, 0, 640, 480]",1,76,D:\Compressed\archive_3\custom_videos\c999_drink_002.mp4,custom,0.71875
drink,c999_drink_007,test,999,"[0, 0, 640, 480]",1,42,D:\Compressed\archive_3\custom_videos\c999_drink_007.mp4,custom,0.625
drink,c999_drink_015,train,999,"[0, 0, 640, 480]",1,77,D:\Compressed\archive_3\custom_videos\c999_drink_015.mp4,custom,0.6875
drink,c999_drink_009,train,999,"[0, 0, 640, 480]",1,42,D:\Compressed\archive_3\custom_videos\c999_drink_009.mp4,custom,0.6875
drink,c999_drink_008,train,999,"[0, 0, 640, 480]",1,42,D:\Compressed\archive_3\custom_videos\c999_drink_008.mp4,custom,0.65625
drink,c999_drink_004,train,999,"[0, 0, 640, 480]",1,42,D:\Compressed\archive_3\custom_videos\c999_drink_004.mp4,custom,0.84375
drink,c999_drink_013,train,999,"[0, 0, 640, 480]",1,76,D:\Compressed\archive_3\custom_videos\c999_drink_013.mp4,custom,0.875
drink,c999_drink_003,train,999,"[0, 0, 640, 480]",1,77,D:\Compressed\archive_3\custom_videos\c999_drink_003.mp4,custom,0.78125
drink,c999_drink_001,train,999,"[0, 0, 640, 480]",1,76,D:\Compressed\archive_3\custom_videos\c999_drink_001.mp4,custom,0.9375
drink,c999_drink_006,train,999,"[0, 0, 640, 480]",1,42,D:\Compressed\archive_3\custom_videos\c999_drink_006.mp4,custom,0.59375
drink,c999_drink_012,train,999,"[0, 0, 640, 480]",1,76,D:\Compressed\archive_3\custom_videos\c999_drink_012.mp4,custom,1.0
drink,c999_drink_010,train,999,"[0, 0, 640, 480]",1,42,D:\Compressed\archive_3\custom_videos\c999_drink_010.mp4,custom,0.875
drink,c999_drink_005,train,999,"[0, 0, 640, 480]",1,42,D:\Compressed\archive_3\custom_videos\c999_drink_005.mp4,custom,0.65625
good,c999_good_003,val,999,"[0, 0, 640, 480]",1,77,D:\Compressed\archive_3\custom_videos\c999_good_003.mp4,custom,1.0
good,c999_good_011,val,999,"[0, 0, 640, 480]",1,76,D:\Compressed\archive_3\custom_videos\c999_good_011.mp4,custom,0.9375
good,c999_good_015,test,999,"[0, 0, 640, 480]",1,77,D:\Compressed\archive_3\custom_videos\c999_good_015.mp4,custom,0.8125
good,c999_good_020,test,999,"[0, 0, 640, 480]",1,76,D:\Compressed\archive_3\custom_videos\c999_good_020.mp4,custom,1.0
good,c999_good_013,train,999,"[0, 0, 640, 480]",1,77,D:\Compressed\archive_3\custom_videos\c999_good_013.mp4,custom,0.46875
good,c999_good_006,train,999,"[0, 0, 640, 480]",1,76,D:\Compressed\archive_3\custom_videos\c999_good_006.mp4,custom,0.4375
good,c999_good_024,train,999,"[0, 0, 640, 480]",1,76,D:\Compressed\archive_3\custom_videos\c999_good_024.mp4,custom,1.0
good,c999_good_012,train,999,"[0, 0, 640, 480]",1,77,D:\Compressed\archive_3\custom_videos\c999_good_012.mp4,custom,0.71875
good,c999_good_007,train,999,"[0, 0, 640, 480]",1,77,D:\Compressed\archive_3\custom_videos\c999_good_007.mp4,custom,0.9375
good,c999_good_008,train,999,"[0, 0, 640, 480]",1,77,D:\Compressed\archive_3\custom_videos\c999_good_008.mp4,custom,0.65625
good,c999_good_002,train,999,"[0, 0, 640, 480]",1,76,D:\Compressed\archive_3\custom_videos\c999_good_002.mp4,custom,0.65625
good,c999_good_023,train,999,"[0, 0, 640, 480]",1,76,D:\Compressed\archive_3\custom_videos\c999_good_023.mp4,custom,1.0
good,c999_good_021,train,999,"[0, 0, 640, 480]",1,77,D:\Compressed\archive_3\custom_videos\c999_good_021.mp4,custom,0.96875
good,c999_good_019,train,999,"[0, 0, 640, 480]",1,76,D:\Compressed\archive_3\custom_videos\c999_good_019.mp4,custom,0.9375
good,c999_good_005,train,999,"[0, 0, 640, 480]",1,42,D:\Compressed\archive_3\custom_videos\c999_good_005.mp4,custom,0.28125
good,c999_good_022,train,999,"[0, 0, 640, 480]",1,77,D:\Compressed\archive_3\custom_videos\c999_good_022.mp4,custom,0.96875
good,c999_good_010,train,999,"[0, 0, 640, 480]",1,77,D:\Compressed\archive_3\custom_videos\c999_good_010.mp4,custom,0.84375
good,c999_good_009,train,999,"[0, 0, 640, 480]",1,76,D:\Compressed\archive_3\custom_videos\c999_good_009.mp4,custom,1.0
good,c999_good_017,train,999,"[0, 0, 640, 480]",1,77,D:\Compressed\archive_3\custom_videos\c999_good_017.mp4,custom,1.0
good,c999_good_025,train,999,"[0, 0, 640, 480]",1,77,D:\Compressed\archive_3\custom_videos\c999_good_025.mp4,custom,1.0
good,c999_good_018,train,999,"[0, 0, 640, 480]",1,77,D:\Compressed\archive_3\custom_videos\c999_good_018.mp4,custom,0.65625
good,c999_good_001,train,999,"[0, 0, 640, 480]",1,73,D:\Compressed\archive_3\custom_videos\c999_good_001.mp4,custom,0.4375
good,c999_good_016,train,999,"[0, 0, 640, 480]",1,77,D:\Compressed\archive_3\custom_videos\c999_good_016.mp4,custom,1.0
good,c999_good_014,train,999,"[0, 0, 640, 480]",1,77,D:\Compressed\archive_3\custom_videos\c999_good_014.mp4,custom,1.0
good,c999_good_004,train,999,"[0, 0, 640, 480]",1,77,D:\Compressed\archive_3\custom_videos\c999_good_004.mp4,custom,0.71875
mother,c999_mother_028,val,999,"[0, 0, 640, 480]",1,62,D:\Compressed\archive_3\custom_videos\c999_mother_028.mp4,custom,0.40625
mother,c999_mother_006,val,999,"[0, 0, 640, 480]",1,42,D:\Compressed\archive_3\custom_videos\c999_mother_006.mp4,custom,0.28125
mother,c999_mother_013,test,999,"[0, 0, 640, 480]",1,42,D:\Compressed\archive_3\custom_videos\c999_mother_013.mp4,custom,0.3125
mother,c999_mother_030,test,999,"[0, 0, 640, 480]",1,76,D:\Compressed\archive_3\custom_videos\c999_mother_030.mp4,custom,0.28125
mother,c999_mother_021,train,999,"[0, 0, 640, 480]",1,70,D:\Compressed\archive_3\custom_videos\c999_mother_021.mp4,custom,0.53125
mother,c999_mother_005,train,999,"[0, 0, 640, 480]",1,42,D:\Compressed\archive_3\custom_videos\c999_mother_005.mp4,custom,0.28125
mother,c999_mother_023,train,999,"[0, 0, 640, 480]",1,42,D:\Compressed\archive_3\custom_videos\c999_mother_023.mp4,custom,0.3125
mother,c999_mother_001,train,999,"[0, 0, 640, 480]",1,76,D:\Compressed\archive_3\custom_videos\c999_mother_001.mp4,custom,1.0
mother,c999_mother_003,train,999,"[0, 0, 640, 480]",1,77,D:\Compressed\archive_3\custom_videos\c999_mother_003.mp4,custom,0.5625
mother,c999_mother_015,train,999,"[0, 0, 640, 480]",1,42,D:\Compressed\archive_3\custom_videos\c999_mother_015.mp4,custom,0.5625
mother,c999_mother_018,train,999,"[0, 0, 640, 480]",1,42,D:\Compressed\archive_3\custom_videos\c999_mother_018.mp4,custom,0.78125
mother,c999_mother_022,train,999,"[0, 0, 640, 480]",1,61,D:\Compressed\archive_3\custom_videos\c999_mother_022.mp4,custom,0.65625
mother,c999_mother_024,train,999,"[0, 0, 640, 480]",1,42,D:\Compressed\archive_3\custom_videos\c999_mother_024.mp4,custom,0.0625
mother,c999_mother_016,train,999,"[0, 0, 640, 480]",1,42,D:\Compressed\archive_3\custom_videos\c999_mother_016.mp4,custom,0.34375
mother,c999_mother_026,train,999,"[0, 0, 640, 480]",1,42,D:\Compressed\archive_3\custom_videos\c999_mother_026.mp4,custom,0.21875
mother,c999_mother_002,train,999,"[0, 0, 640, 480]",1,77,D:\Compressed\archive_3\custom_videos\c999_mother_002.mp4,custom,0.875
mother,c999_mother_027,train,999,"[0, 0, 640, 480]",1,60,D:\Compressed\archive_3\custom_videos\c999_mother_027.mp4,custom,0.25
mother,c999_mother_017,train,999,"[0, 0, 640, 480]",1,42,D:\Compressed\archive_3\custom_videos\c999_mother_017.mp4,custom,0.1875
mother,c999_mother_007,train,999,"[0, 0, 640, 480]",1,68,D:\Compressed\archive_3\custom_videos\c999_mother_007.mp4,custom,0.40625
mother,c999_mother_010,train,999,"[0, 0, 640, 480]",1,77,D:\Compressed\archive_3\custom_videos\c999_mother_010.mp4,custom,0.84375
mother,c999_mother_004,train,999,"[0, 0, 640, 480]",1,42,D:\Compressed\archive_3\custom_videos\c999_mother_004.mp4,custom,1.0
mother,c999_mother_011,train,999,"[0, 0, 640, 480]",1,66,D:\Compressed\archive_3\custom_videos\c999_mother_011.mp4,custom,0.96875
mother,c999_mother_020,train,999,"[0, 0, 640, 480]",1,42,D:\Compressed\archive_3\custom_videos\c999_mother_020.mp4,custom,0.625
mother,c999_mother_012,train,999,"[0, 0, 640, 480]",1,42,D:\Compressed\archive_3\custom_videos\c999_mother_012.mp4,custom,0.25
mother,c999_mother_029,train,999,"[0, 0, 640, 480]",1,77,D:\Compressed\archive_3\custom_videos\c999_mother_029.mp4,custom,0.34375
mother,c999_mother_009,train,999,"[0, 0, 640, 480]",1,77,D:\Compressed\archive_3\custom_videos\c999_mother_009.mp4,custom,0.75
mother,c999_mother_014,train,999,"[0, 0, 640, 480]",1,42,D:\Compressed\archive_3\custom_videos\c999_mother_014.mp4,custom,0.1875
mother,c999_mother_008,train,999,"[0, 0, 640, 480]",1,77,D:\Compressed\archive_3\custom_videos\c999_mother_008.mp4,custom,0.28125
mother,c999_mother_019,train,999,"[0, 0, 640, 480]",1,42,D:\Compressed\archive_3\custom_videos\c999_mother_019.mp4,custom,0.71875
mother,c999_mother_025,train,999,"[0, 0, 640, 480]",1,42,D:\Compressed\archive_3\custom_videos\c999_mother_025.mp4,custom,0.125
office,c999_office_016,val,999,"[0, 0, 640, 480]",1,42,D:\Compressed\archive_3\custom_videos\c999_office_016.mp4,custom,1.0
office,c999_office_019,val,999,"[0, 0, 640, 480]",1,42,D:\Compressed\archive_3\custom_videos\c999_office_019.mp4,custom,1.0
office,c999_office_017,test,999,"[0, 0, 640, 480]",1,77,D:\Compressed\archive_3\custom_videos\c999_office_017.mp4,custom,1.0
office,c999_office_021,test,999,"[0, 0, 640, 480]",1,42,D:\Compressed\archive_3\custom_videos\c999_office_021.mp4,custom,1.0
office,c999_office_013,train,999,"[0, 0, 640, 480]",1,76,D:\Compressed\archive_3\custom_videos\c999_office_013.mp4,custom,0.8125
office,c999_office_002,train,999,"[0, 0, 640, 480]",1,42,D:\Compressed\archive_3\custom_videos\c999_office_002.mp4,custom,0.875
office,c999_office_015,train,999,"[0, 0, 640, 480]",1,42,D:\Compressed\archive_3\custom_videos\c999_office_015.mp4,custom,1.0
office,c999_office_018,train,999,"[0, 0, 640, 480]",1,76,D:\Compressed\archive_3\custom_videos\c999_office_018.mp4,custom,1.0
office,c999_office_024,train,999,"[0, 0, 640, 480]",1,42,D:\Compressed\archive_3\custom_videos\c999_office_024.mp4,custom,1.0
office,c999_office_003,train,999,"[0, 0, 640, 480]",1,42,D:\Compressed\archive_3\custom_videos\c999_office_003.mp4,custom,1.0
office,c999_office_010,train,999,"[0, 0, 640, 480]",1,76,D:\Compressed\archive_3\custom_videos\c999_office_010.mp4,custom,0.8125
office,c999_office_001,train,999,"[0, 0, 640, 480]",1,42,D:\Compressed\archive_3\custom_videos\c999_office_001.mp4,custom,1.0
office,c999_office_005,train,999,"[0, 0, 640, 480]",1,42,D:\Compressed\archive_3\custom_videos\c999_office_005.mp4,custom,1.0
office,c999_office_012,train,999,"[0, 0, 640, 480]",1,42,D:\Compressed\archive_3\custom_videos\c999_office_012.mp4,custom,1.0
office,c999_office_007,train,999,"[0, 0, 640, 480]",1,42,D:\Compressed\archive_3\custom_videos\c999_office_007.mp4,custom,1.0
office,c999_office_004,train,999,"[0, 0, 640, 480]",1,42,D:\Compressed\archive_3\custom_videos\c999_office_004.mp4,custom,1.0
office,c999_office_011,train,999,"[0, 0, 640, 480]",1,77,D:\Compressed\archive_3\custom_videos\c999_office_011.mp4,custom,1.0
office,c999_office_009,train,999,"[0, 0, 640, 480]",1,77,D:\Compressed\archive_3\custom_videos\c999_office_009.mp4,custom,0.6875
office,c999_office_014,train,999,"[0, 0, 640, 480]",1,76,D:\Compressed\archive_3\custom_videos\c999_office_014.mp4,custom,0.96875
office,c999_office_008,train,999,"[0, 0, 640, 480]",1,77,D:\Compressed\archive_3\custom_videos\c999_office_008.mp4,custom,0.96875
office,c999_office_006,train,999,"[0, 0, 640, 480]",1,42,D:\Compressed\archive_3\custom_videos\c999_office_006.mp4,custom,1.0
office,c999_office_020,train,999,"[0, 0, 640, 480]",1,42,D:\Compressed\archive_3\custom_videos\c999_office_020.mp4,custom,1.0
office,c999_office_022,train,999,"[0, 0, 640, 480]",1,42,D:\Compressed\archive_3\custom_videos\c999_office_022.mp4,custom,1.0
office,c999_office_025,train,999,"[0, 0, 640, 480]",1,42,D:\Compressed\archive_3\custom_videos\c999_office_025.mp4,custom,1.0
office,c999_office_023,train,999,"[0, 0, 640, 480]",1,42,D:\Compressed\archive_3\custom_videos\c999_office_023.mp4,custom,1.0
wait,c999_wait_003,val,999,"[0, 0, 640, 480]",1,76,D:\Compressed\archive_3\custom_videos\c999_wait_003.mp4,custom,1.0
wait,c999_wait_006,val,999,"[0, 0, 640, 480]",1,76,D:\Compressed\archive_3\custom_videos\c999_wait_006.mp4,custom,1.0
wait,c999_wait_015,test,999,"[0, 0, 640, 480]",1,76,D:\Compressed\archive_3\custom_videos\c999_wait_015.mp4,custom,1.0
wait,c999_wait_002,test,999,"[0, 0, 640, 480]",1,77,D:\Compressed\archive_3\custom_videos\c999_wait_002.mp4,custom,1.0
wait,c999_wait_004,train,999,"[0, 0, 640, 480]",1,76,D:\Compressed\archive_3\custom_videos\c999_wait_004.mp4,custom,0.84375
wait,c999_wait_014,train,999,"[0, 0, 640, 480]",1,77,D:\Compressed\archive_3\custom_videos\c999_wait_014.mp4,custom,1.0
wait,c999_wait_011,train,999,"[0, 0, 640, 480]",1,77,D:\Compressed\archive_3\custom_videos\c999_wait_011.mp4,custom,0.96875
wait,c999_wait_010,train,999,"[0, 0, 640, 480]",1,76,D:\Compressed\archive_3\custom_videos\c999_wait_010.mp4,custom,1.0
wait,c999_wait_012,train,999,"[0, 0, 640, 480]",1,76,D:\Compressed\archive_3\custom_videos\c999_wait_012.mp4,custom,1.0
wait,c999_wait_013,train,999,"[0, 0, 640, 480]",1,77,D:\Compressed\archive_3\custom_videos\c999_wait_013.mp4,custom,1.0
wait,c999_wait_001,train,999,"[0, 0, 640, 480]",1,64,D:\Compressed\archive_3\custom_videos\c999_wait_001.mp4,custom,1.0
wait,c999_wait_005,train,999,"[0, 0, 640, 480]",1,76,D:\Compressed\archive_3\custom_videos\c999_wait_005.mp4,custom,0.84375
wait,c999_wait_009,train,999,"[0, 0, 640, 480]",1,76,D:\Compressed\archive_3\custom_videos\c999_wait_009.mp4,custom,1.0
wait,c999_wait_007,train,999,"[0, 0, 640, 480]",1,77,D:\Compressed\archive_3\custom_videos\c999_wait_007.mp4,custom,0.9375
wait,c999_wait_008,train,999,"[0, 0, 640, 480]",1,76,D:\Compressed\archive_3\custom_videos\c999_wait_008.mp4,custom,1.0
today,c999_today_013,val,999,"[0, 0, 640, 480]",1,42,D:\Compressed\archive_3\custom_videos\c999_today_013.mp4,custom,0.59375
today,c999_today_020,val,999,"[0, 0, 640, 480]",1,42,D:\Compressed\archive_3\custom_videos\c999_today_020.mp4,custom,0.96875
today,c999_today_012,test,999,"[0, 0, 640, 480]",1,42,D:\Compressed\archive_3\custom_videos\c999_today_012.mp4,custom,1.0
today,c999_today_016,test,999,"[0, 0, 640, 480]",1,42,D:\Compressed\archive_3\custom_videos\c999_today_016.mp4,custom,0.90625
today,c999_today_003,train,999,"[0, 0, 640, 480]",1,42,D:\Compressed\archive_3\custom_videos\c999_today_003.mp4,custom,0.9375
today,c999_today_009,train,999,"[0, 0, 640, 480]",1,42,D:\Compressed\archive_3\custom_videos\c999_today_009.mp4,custom,1.0
today,c999_today_019,train,999,"[0, 0, 640, 480]",1,42,D:\Compressed\archive_3\custom_videos\c999_today_019.mp4,custom,0.8125
today,c999_today_014,train,999,"[0, 0, 640, 480]",1,42,D:\Compressed\archive_3\custom_videos\c999_today_014.mp4,custom,1.0
today,c999_today_004,train,999,"[0, 0, 640, 480]",1,42,D:\Compressed\archive_3\custom_videos\c999_today_004.mp4,custom,1.0
today,c999_today_007,train,999,"[0, 0, 640, 480]",1,50,D:\Compressed\archive_3\custom_videos\c999_today_007.mp4,custom,0.78125
today,c999_today_015,train,999,"[0, 0, 640, 480]",1,42,D:\Compressed\archive_3\custom_videos\c999_today_015.mp4,custom,1.0
today,c999_today_006,train,999,"[0, 0, 640, 480]",1,42,D:\Compressed\archive_3\custom_videos\c999_today_006.mp4,custom,1.0
today,c999_today_011,train,999,"[0, 0, 640, 480]",1,42,D:\Compressed\archive_3\custom_videos\c999_today_011.mp4,custom,1.0
today,c999_today_008,train,999,"[0, 0, 640, 480]",1,42,D:\Compressed\archive_3\custom_videos\c999_today_008.mp4,custom,1.0
today,c999_today_010,train,999,"[0, 0, 640, 480]",1,62,D:\Compressed\archive_3\custom_videos\c999_today_010.mp4,custom,1.0
today,c999_today_005,train,999,"[0, 0, 640, 480]",1,42,D:\Compressed\archive_3\custom_videos\c999_today_005.mp4,custom,1.0
today,c999_today_018,train,999,"[0, 0, 640, 480]",1,42,D:\Compressed\archive_3\custom_videos\c999_today_018.mp4,custom,0.71875
today,c999_today_017,train,999,"[0, 0, 640, 480]",1,42,D:\Compressed\archive_3\custom_videos\c999_today_017.mp4,custom,1.0
today,c999_today_001,train,999,"[0, 0, 640, 480]",1,42,D:\Compressed\archive_3\custom_videos\c999_today_001.mp4,custom,1.0
today,c999_today_002,train,999,"[0, 0, 640, 480]",1,42,D:\Compressed\archive_3\custom_videos\c999_today_002.mp4,custom,0.40625
cold,c999_cold_007,val,999,"[0, 0, 640, 480]",1,76,D:\Compressed\archive_3\custom_videos\c999_cold_007.mp4,custom,1.0
cold,c999_cold_012,val,999,"[0, 0, 640, 480]",1,76,D:\Compressed\archive_3\custom_videos\c999_cold_012.mp4,custom,1.0
cold,c999_cold_005,test,999,"[0, 0, 640, 480]",1,77,D:\Compressed\archive_3\custom_videos\c999_cold_005.mp4,custom,1.0
cold,c999_cold_004,test,999,"[0, 0, 640, 480]",1,76,D:\Compressed\archive_3\custom_videos\c999_cold_004.mp4,custom,1.0
cold,c999_cold_003,train,999,"[0, 0, 640, 480]",1,77,D:\Compressed\archive_3\custom_videos\c999_cold_003.mp4,custom,1.0
cold,c999_cold_014,train,999,"[0, 0, 640, 480]",1,76,D:\Compressed\archive_3\custom_videos\c999_cold_014.mp4,custom,1.0
cold,c999_cold_001,train,999,"[0, 0, 640, 480]",1,76,D:\Compressed\archive_3\custom_videos\c999_cold_001.mp4,custom,1.0
cold,c999_cold_013,train,999,"[0, 0, 640, 480]",1,77,D:\Compressed\archive_3\custom_videos\c999_cold_013.mp4,custom,1.0
cold,c999_cold_002,train,999,"[0, 0, 640, 480]",1,76,D:\Compressed\archive_3\custom_videos\c999_cold_002.mp4,custom,0.84375
cold,c999_cold_008,train,999,"[0, 0, 640, 480]",1,77,D:\Compressed\archive_3\custom_videos\c999_cold_008.mp4,custom,1.0
cold,c999_cold_006,train,999,"[0, 0, 640, 480]",1,76,D:\Compressed\archive_3\custom_videos\c999_cold_006.mp4,custom,1.0
cold,c999_cold_009,train,999,"[0, 0, 640, 480]",1,77,D:\Compressed\archive_3\custom_videos\c999_cold_009.mp4,custom,1.0
cold,c999_cold_011,train,999,"[0, 0, 640, 480]",1,76,D:\Compressed\archive_3\custom_videos\c999_cold_011.mp4,custom,0.96875
cold,c999_cold_015,train,999,"[0, 0, 640, 480]",1,76,D:\Compressed\archive_3\custom_videos\c999_cold_015.mp4,custom,1.0
cold,c999_cold_010,train,999,"[0, 0, 640, 480]",1,77,D:\Compressed\archive_3\custom_videos\c999_cold_010.mp4,custom,1.0
more,c999_more_015,val,999,"[0, 0, 640, 480]",1,77,D:\Compressed\archive_3\custom_videos\c999_more_015.mp4,custom,1.0
more,c999_more_014,val,999,"[0, 0, 640, 480]",1,77,D:\Compressed\archive_3\custom_videos\c999_more_014.mp4,custom,1.0
more,c999_more_010,test,999,"[0, 0, 640, 480]",1,77,D:\Compressed\archive_3\custom_videos\c999_more_010.mp4,custom,1.0
more,c999_more_007,test,999,"[0, 0, 640, 480]",1,76,D:\Compressed\archive_3\custom_videos\c999_more_007.mp4,custom,1.0
more,c999_more_003,train,999,"[0, 0, 640, 480]",1,77,D:\Compressed\archive_3\custom_videos\c999_more_003.mp4,custom,1.0
more,c999_more_002,train,999,"[0, 0, 640, 480]",1,77,D:\Compressed\archive_3\custom_videos\c999_more_002.mp4,custom,1.0
more,c999_more_011,train,999,"[0, 0, 640, 480]",1,76,D:\Compressed\archive_3\custom_videos\c999_more_011.mp4,custom,1.0
more,c999_more_008,train,999,"[0, 0, 640, 480]",1,76,D:\Compressed\archive_3\custom_videos\c999_more_008.mp4,custom,0.9375
more,c999_more_009,train,999,"[0, 0, 640, 480]",1,76,D:\Compressed\archive_3\custom_videos\c999_more_009.mp4,custom,1.0
more,c999_more_012,train,999,"[0, 0, 640, 480]",1,77,D:\Compressed\archive_3\custom_videos\c999_more_012.mp4,custom,1.0
more,c999_more_001,train,999,"[0, 0, 640, 480]",1,77,D:\Compressed\archive_3\custom_videos\c999_more_001.mp4,custom,1.0
more,c999_more_004,train,999,"[0, 0, 640, 480]",1,77,D:\Compressed\archive_3\custom_videos\c999_more_004.mp4,custom,1.0
more,c999_more_013,train,999,"[0, 0, 640, 480]",1,77,D:\Compressed\archive_3\custom_videos\c999_more_013.mp4,custom,1.0
more,c999_more_006,train,999,"[0, 0, 640, 480]",1,77,D:\Compressed\archive_3\custom_videos\c999_more_006.mp4,custom,1.0
more,c999_more_005,train,999,"[0, 0, 640, 480]",1,77,D:\Compressed\archive_3\custom_videos\c999_more_005.mp4,custom,0.8125
help,c999_help_020,val,999,"[0, 0, 640, 480]",1,77,D:\Compressed\archive_3\custom_videos\c999_help_020.mp4,custom,0.84375
help,c999_help_004,val,999,"[0, 0, 640, 480]",1,42,D:\Compressed\archive_3\custom_videos\c999_help_004.mp4,custom,0.90625
help,c999_help_001,test,999,"[0, 0, 640, 480]",1,77,D:\Compressed\archive_3\custom_videos\c999_help_001.mp4,custom,0.96875
help,c999_help_015,test,999,"[0, 0, 640, 480]",1,77,D:\Compressed\archive_3\custom_videos\c999_help_015.mp4,custom,0.75
help,c999_help_011,train,999,"[0, 0, 640, 480]",1,76,D:\Compressed\archive_3\custom_videos\c999_help_011.mp4,custom,1.0
help,c999_help_019,train,999,"[0, 0, 640, 480]",1,76,D:\Compressed\archive_3\custom_videos\c999_help_019.mp4,custom,0.75
help,c999_help_017,train,999,"[0, 0, 640, 480]",1,76,D:\Compressed\archive_3\custom_videos\c999_help_017.mp4,custom,0.53125
help,c999_help_029,train,999,"[0, 0, 640, 480]",1,42,D:\Compressed\archive_3\custom_videos\c999_help_029.mp4,custom,0.65625
help,c999_help_023,train,999,"[0, 0, 640, 480]",1,42,D:\Compressed\archive_3\custom_videos\c999_help_023.mp4,custom,0.5
help,c999_help_006,train,999,"[0, 0, 640, 480]",1,42,D:\Compressed\archive_3\custom_videos\c999_help_006.mp4,custom,1.0
help,c999_help_018,train,999,"[0, 0, 640, 480]",1,76,D:\Compressed\archive_3\custom_videos\c999_help_018.mp4,custom,0.9375
help,c999_help_003,train,999,"[0, 0, 640, 480]",1,42,D:\Compressed\archive_3\custom_videos\c999_help_003.mp4,custom,0.90625
help,c999_help_007,train,999,"[0, 0, 640, 480]",1,42,D:\Compressed\archive_3\custom_videos\c999_help_007.mp4,custom,0.90625
help,c999_help_030,train,999,"[0, 0, 640, 480]",1,42,D:\Compressed\archive_3\custom_videos\c999_help_030.mp4,custom,0.6875
help,c999_help_016,train,999,"[0, 0, 640, 480]",1,76,D:\Compressed\archive_3\custom_videos\c999_help_016.mp4,custom,0.78125
help,c999_help_008,train,999,"[0, 0, 640, 480]",1,42,D:\Compressed\archive_3\custom_videos\c999_help_008.mp4,custom,0.9375
help,c999_help_025,train,999,"[0, 0, 640, 480]",1,42,D:\Compressed\archive_3\custom_videos\c999_help_025.mp4,custom,0.375
help,c999_help_026,train,999,"[0, 0, 640, 480]",1,42,D:\Compressed\archive_3\custom_videos\c999_help_026.mp4,custom,0.59375
help,c999_help_014,train,999,"[0, 0, 640, 480]",1,77,D:\Compressed\archive_3\custom_videos\c999_help_014.mp4,custom,0.28125
help,c999_help_002,train,999,"[0, 0, 640, 480]",1,77,D:\Compressed\archive_3\custom_videos\c999_help_002.mp4,custom,0.9375
help,c999_help_027,train,999,"[0, 0, 640, 480]",1,42,D:\Compressed\archive_3\custom_videos\c999_help_027.mp4,custom,0.71875
help,c999_help_010,train,999,"[0, 0, 640, 480]",1,42,D:\Compressed\archive_3\custom_videos\c999_help_010.mp4,custom,0.9375
help,c999_help_013,train,999,"[0, 0, 640, 480]",1,76,D:\Compressed\archive_3\custom_videos\c999_help_013.mp4,custom,0.65625
help,c999_help_005,train,999,"[0, 0, 640, 480]",1,42,D:\Compressed\archive_3\custom_videos\c999_help_005.mp4,custom,1.0
help,c999_help_022,train,999,"[0, 0, 640, 480]",1,42,D:\Compressed\archive_3\custom_videos\c999_help_022.mp4,custom,0.9375
help,c999_help_028,train,999,"[0, 0, 640, 480]",1,42,D:\Compressed\archive_3\custom_videos\c999_help_028.mp4,custom,0.4375
help,c999_help_009,train,999,"[0, 0, 640, 480]",1,42,D:\Compressed\archive_3\custom_videos\c999_help_009.mp4,custom,1.0
help,c999_help_021,train,999,"[0, 0, 640, 480]",1,42,D:\Compressed\archive_3\custom_videos\c999_help_021.mp4,custom,0.65625
help,c999_help_024,train,999,"[0, 0, 640, 480]",1,42,D:\Compressed\archive_3\custom_videos\c999_help_024.mp4,custom,0.75
help,c999_help_012,train,999,"[0, 0, 640, 480]",1,76,D:\Compressed\archive_3\custom_videos\c999_help_012.mp4,custom,0.3125
problem,c999_problem_009,val,999,"[0, 0, 640, 480]",1,76,D:\Compressed\archive_3\custom_videos\c999_problem_009.mp4,custom,1.0
problem,c999_problem_004,val,999,"[0, 0, 640, 480]",1,77,D:\Compressed\archive_3\custom_videos\c999_problem_004.mp4,custom,1.0
problem,c999_problem_003,test,999,"[0, 0, 640, 480]",1,77,D:\Compressed\archive_3\custom_videos\c999_problem_003.mp4,custom,1.0
problem,c999_problem_008,test,999,"[0, 0, 640, 480]",1,76,D:\Compressed\archive_3\custom_videos\c999_problem_008.mp4,custom,1.0
problem,c999_problem_002,train,999,"[0, 0, 640, 480]",1,76,D:\Compressed\archive_3\custom_videos\c999_problem_002.mp4,custom,1.0
problem,c999_problem_007,train,999,"[0, 0, 640, 480]",1,77,D:\Compressed\archive_3\custom_videos\c999_problem_007.mp4,custom,1.0
problem,c999_problem_005,train,999,"[0, 0, 640, 480]",1,77,D:\Compressed\archive_3\custom_videos\c999_problem_005.mp4,custom,1.0
problem,c999_problem_006,train,999,"[0, 0, 640, 480]",1,76,D:\Compressed\archive_3\custom_videos\c999_problem_006.mp4,custom,1.0
problem,c999_problem_010,train,999,"[0, 0, 640, 480]",1,77,D:\Compressed\archive_3\custom_videos\c999_problem_010.mp4,custom,1.0
problem,c999_problem_001,train,999,"[0, 0, 640, 480]",1,47,D:\Compressed\archive_3\custom_videos\c999_problem_001.mp4,custom,1.0
sweet,c999_sweet_002,val,999,"[0, 0, 640, 480]",1,38,D:\Compressed\archive_3\custom_videos\c999_sweet_002.mp4,custom,1.0
sweet,c999_sweet_005,val,999,"[0, 0, 640, 480]",1,38,D:\Compressed\archive_3\custom_videos\c999_sweet_005.mp4,custom,0.875
sweet,c999_sweet_014,test,999,"[0, 0, 640, 480]",1,77,D:\Compressed\archive_3\custom_videos\c999_sweet_014.mp4,custom,0.75
sweet,c999_sweet_017,test,999,"[0, 0, 640, 480]",1,42,D:\Compressed\archive_3\custom_videos\c999_sweet_017.mp4,custom,1.0
sweet,c999_sweet_001,train,999,"[0, 0, 640, 480]",1,38,D:\Compressed\archive_3\custom_videos\c999_sweet_001.mp4,custom,1.0
sweet,c999_sweet_008,train,999,"[0, 0, 640, 480]",1,38,D:\Compressed\archive_3\custom_videos\c999_sweet_008.mp4,custom,1.0
sweet,c999_sweet_009,train,999,"[0, 0, 640, 480]",1,38,D:\Compressed\archive_3\custom_videos\c999_sweet_009.mp4,custom,0.96875
sweet,c999_sweet_010,train,999,"[0, 0, 640, 480]",1,61,D:\Compressed\archive_3\custom_videos\c999_sweet_010.mp4,custom,1.0
sweet,c999_sweet_019,train,999,"[0, 0, 640, 480]",1,42,D:\Compressed\archive_3\custom_videos\c999_sweet_019.mp4,custom,0.53125
sweet,c999_sweet_020,train,999,"[0, 0, 640, 480]",1,42,D:\Compressed\archive_3\custom_videos\c999_sweet_020.mp4,custom,0.78125
sweet,c999_sweet_013,train,999,"[0, 0, 640, 480]",1,77,D:\Compressed\archive_3\custom_videos\c999_sweet_013.mp4,custom,1.0
sweet,c999_sweet_006,train,999,"[0, 0, 640, 480]",1,38,D:\Compressed\archive_3\custom_videos\c999_sweet_006.mp4,custom,1.0
sweet,c999_sweet_015,train,999,"[0, 0, 640, 480]",1,77,D:\Compressed\archive_3\custom_videos\c999_sweet_015.mp4,custom,1.0
sweet,c999_sweet_012,train,999,"[0, 0, 640, 480]",1,76,D:\Compressed\archive_3\custom_videos\c999_sweet_012.mp4,custom,0.875
sweet,c999_sweet_018,train,999,"[0, 0, 640, 480]",1,42,D:\Compressed\archive_3\custom_videos\c999_sweet_018.mp4,custom,0.875
sweet,c999_sweet_011,train,999,"[0, 0, 640, 480]",1,77,D:\Compressed\archive_3\custom_videos\c999_sweet_011.mp4,custom,0.34375
sweet,c999_sweet_016,train,999,"[0, 0, 640, 480]",1,42,D:\Compressed\archive_3\custom_videos\c999_sweet_016.mp4,custom,0.9375
sweet,c999_sweet_004,train,999,"[0, 0, 640, 480]",1,38,D:\Compressed\archive_3\custom_videos\c999_sweet_004.mp4,custom,0.9375
sweet,c999_sweet_003,train,999,"[0, 0, 640, 480]",1,38,D:\Compressed\archive_3\custom_videos\c999_sweet_003.mp4,custom,0.9375
sweet,c999_sweet_007,train,999,"[0, 0, 640, 480]",1,38,D:\Compressed\archive_3\custom_videos\c999_sweet_007.mp4,custom,0.9375
sick,c999_sick_019,val,999,"[0, 0, 640, 480]",1,42,D:\Compressed\archive_3\custom_videos\c999_sick_019.mp4,custom,1.0
sick,c999_sick_023,val,999,"[0, 0, 640, 480]",1,42,D:\Compressed\archive_3\custom_videos\c999_sick_023.mp4,custom,1.0
sick,c999_sick_017,test,999,"[0, 0, 640, 480]",1,42,D:\Compressed\archive_3\custom_videos\c999_sick_017.mp4,custom,1.0
sick,c999_sick_011,test,999,"[0, 0, 640, 480]",1,76,D:\Compressed\archive_3\custom_videos\c999_sick_011.mp4,custom,0.96875
sick,c999_sick_001,train,999,"[0, 0, 640, 480]",1,77,D:\Compressed\archive_3\custom_videos\c999_sick_001.mp4,custom,1.0
sick,c999_sick_015,train,999,"[0, 0, 640, 480]",1,42,D:\Compressed\archive_3\custom_videos\c999_sick_015.mp4,custom,0.9375
sick,c999_sick_018,train,999,"[0, 0, 640, 480]",1,42,D:\Compressed\archive_3\custom_videos\c999_sick_018.mp4,custom,1.0
sick,c999_sick_014,train,999,"[0, 0, 640, 480]",1,72,D:\Compressed\archive_3\custom_videos\c999_sick_014.mp4,custom,1.0
sick,c999_sick_012,train,999,"[0, 0, 640, 480]",1,77,D:\Compressed\archive_3\custom_videos\c999_sick_012.mp4,custom,0.90625
sick,c999_sick_004,train,999,"[0, 0, 640, 480]",1,77,D:\Compressed\archive_3\custom_videos\c999_sick_004.mp4,custom,1.0
sick,c999_sick_024,train,999,"[0, 0, 640, 480]",1,42,D:\Compressed\archive_3\custom_videos\c999_sick_024.mp4,custom,0.9375
sick,c999_sick_008,train,999,"[0, 0, 640, 480]",1,63,D:\Compressed\archive_3\custom_videos\c999_sick_008.mp4,custom,1.0
sick,c999_sick_021,train,999,"[0, 0, 640, 480]",1,42,D:\Compressed\archive_3\custom_videos\c999_sick_021.mp4,custom,0.90625
sick,c999_sick_002,train,999,"[0, 0, 640, 480]",1,76,D:\Compressed\archive_3\custom_videos\c999_sick_002.mp4,custom,0.84375
sick,c999_sick_006,train,999,"[0, 0, 640, 480]",1,77,D:\Compressed\archive_3\custom_videos\c999_sick_006.mp4,custom,1.0
sick,c999_sick_016,train,999,"[0, 0, 640, 480]",1,42,D:\Compressed\archive_3\custom_videos\c999_sick_016.mp4,custom,1.0
sick,c999_sick_013,train,999,"[0, 0, 640, 480]",1,76,D:\Compressed\archive_3\custom_videos\c999_sick_013.mp4,custom,1.0
sick,c999_sick_007,train,999,"[0, 0, 640, 480]",1,66,D:\Compressed\archive_3\custom_videos\c999_sick_007.mp4,custom,0.84375
sick,c999_sick_005,train,999,"[0, 0, 640, 480]",1,77,D:\Compressed\archive_3\custom_videos\c999_sick_005.mp4,custom,0.9375
sick,c999_sick_022,train,999,"[0, 0, 640, 480]",1,42,D:\Compressed\archive_3\custom_videos\c999_sick_022.mp4,custom,0.75
sick,c999_sick_025,train,999,"[0, 0, 640, 480]",1,42,D:\Compressed\archive_3\custom_videos\c999_sick_025.mp4,custom,0.84375
sick,c999_sick_020,train,999,"[0, 0, 640, 480]",1,42,D:\Compressed\archive_3\custom_videos\c999_sick_020.mp4,custom,0.90625
sick,c999_sick_009,train,999,"[0, 0, 640, 480]",1,77,D:\Compressed\archive_3\custom_videos\c999_sick_009.mp4,custom,0.9375
sick,c999_sick_010,train,999,"[0, 0, 640, 480]",1,76,D:\Compressed\archive_3\custom_videos\c999_sick_010.mp4,custom,1.0
sick,c999_sick_003,train,999,"[0, 0, 640, 480]",1,76,D:\Compressed\archive_3\custom_videos\c999_sick_003.mp4,custom,1.0
last,c999_last_013,val,999,"[0, 0, 640, 480]",1,42,D:\Compressed\archive_3\custom_videos\c999_last_013.mp4,custom,1.0
last,c999_last_004,val,999,"[0, 0, 640, 480]",1,42,D:\Compressed\archive_3\custom_videos\c999_last_004.mp4,custom,0.75
last,c999_last_001,test,999,"[0, 0, 640, 480]",1,42,D:\Compressed\archive_3\custom_videos\c999_last_001.mp4,custom,0.65625
last,c999_last_009,test,999,"[0, 0, 640, 480]",1,42,D:\Compressed\archive_3\custom_videos\c999_last_009.mp4,custom,0.78125
last,c999_last_002,train,999,"[0, 0, 640, 480]",1,42,D:\Compressed\archive_3\custom_videos\c999_last_002.mp4,custom,1.0
last,c999_last_015,train,999,"[0, 0, 640, 480]",1,42,D:\Compressed\archive_3\custom_videos\c999_last_015.mp4,custom,0.90625
last,c999_last_003,train,999,"[0, 0, 640, 480]",1,42,D:\Compressed\archive_3\custom_videos\c999_last_003.mp4,custom,0.4375
last,c999_last_008,train,999,"[0, 0, 640, 480]",1,42,D:\Compressed\archive_3\custom_videos\c999_last_008.mp4,custom,0.78125
last,c999_last_016,train,999,"[0, 0, 640, 480]",1,42,D:\Compressed\archive_3\custom_videos\c999_last_016.mp4,custom,0.59375
last,c999_last_017,train,999,"[0, 0, 640, 480]",1,42,D:\Compressed\archive_3\custom_videos\c999_last_017.mp4,custom,1.0
last,c999_last_005,train,999,"[0, 0, 640, 480]",1,42,D:\Compressed\archive_3\custom_videos\c999_last_005.mp4,custom,0.59375
last,c999_last_010,train,999,"[0, 0, 640, 480]",1,42,D:\Compressed\archive_3\custom_videos\c999_last_010.mp4,custom,0.84375
last,c999_last_014,train,999,"[0, 0, 640, 480]",1,42,D:\Compressed\archive_3\custom_videos\c999_last_014.mp4,custom,1.0
last,c999_last_007,train,999,"[0, 0, 640, 480]",1,42,D:\Compressed\archive_3\custom_videos\c999_last_007.mp4,custom,1.0
last,c999_last_019,train,999,"[0, 0, 640, 480]",1,42,D:\Compressed\archive_3\custom_videos\c999_last_019.mp4,custom,0.9375
last,c999_last_011,train,999,"[0, 0, 640, 480]",1,42,D:\Compressed\archive_3\custom_videos\c999_last_011.mp4,custom,0.84375
last,c999_last_018,train,999,"[0, 0, 640, 480]",1,42,D:\Compressed\archive_3\custom_videos\c999_last_018.mp4,custom,1.0
last,c999_last_012,train,999,"[0, 0, 640, 480]",1,42,D:\Compressed\archive_3\custom_videos\c999_last_012.mp4,custom,1.0
last,c999_last_020,train,999,"[0, 0, 640, 480]",1,42,D:\Compressed\archive_3\custom_videos\c999_last_020.mp4,custom,0.75
last,c999_last_006,train,999,"[0, 0, 640, 480]",1,42,D:\Compressed\archive_3\custom_videos\c999_last_006.mp4,custom,0.78125
yes,c999_yes_025,val,999,"[0, 0, 640, 480]",1,59,D:\Compressed\archive_3\custom_videos\c999_yes_025.mp4,custom,0.59375
yes,c999_yes_002,val,999,"[0, 0, 640, 480]",1,77,D:\Compressed\archive_3\custom_videos\c999_yes_002.mp4,custom,0.9375
yes,c999_yes_013,test,999,"[0, 0, 640, 480]",1,76,D:\Compressed\archive_3\custom_videos\c999_yes_013.mp4,custom,0.8125
yes,c999_yes_012,test,999,"[0, 0, 640, 480]",1,77,D:\Compressed\archive_3\custom_videos\c999_yes_012.mp4,custom,0.9375
yes,c999_yes_006,train,999,"[0, 0, 640, 480]",1,77,D:\Compressed\archive_3\custom_videos\c999_yes_006.mp4,custom,0.9375
yes,c999_yes_009,train,999,"[0, 0, 640, 480]",1,77,D:\Compressed\archive_3\custom_videos\c999_yes_009.mp4,custom,0.8125
yes,c999_yes_003,train,999,"[0, 0, 640, 480]",1,76,D:\Compressed\archive_3\custom_videos\c999_yes_003.mp4,custom,0.84375
yes,c999_yes_016,train,999,"[0, 0, 640, 480]",1,76,D:\Compressed\archive_3\custom_videos\c999_yes_016.mp4,custom,0.46875
yes,c999_yes_015,train,999,"[0, 0, 640, 480]",1,77,D:\Compressed\archive_3\custom_videos\c999_yes_015.mp4,custom,0.46875
yes,c999_yes_014,train,999,"[0, 0, 640, 480]",1,76,D:\Compressed\archive_3\custom_videos\c999_yes_014.mp4,custom,0.28125
yes,c999_yes_010,train,999,"[0, 0, 640, 480]",1,76,D:\Compressed\archive_3\custom_videos\c999_yes_010.mp4,custom,0.78125
yes,c999_yes_007,train,999,"[0, 0, 640, 480]",1,76,D:\Compressed\archive_3\custom_videos\c999_yes_007.mp4,custom,0.625
yes,c999_yes_011,train,999,"[0, 0, 640, 480]",1,64,D:\Compressed\archive_3\custom_videos\c999_yes_011.mp4,custom,0.8125
yes,c999_yes_023,train,999,"[0, 0, 640, 480]",1,75,D:\Compressed\archive_3\custom_videos\c999_yes_023.mp4,custom,1.0
yes,c999_yes_030,train,999,"[0, 0, 640, 480]",1,38,D:\Compressed\archive_3\custom_videos\c999_yes_030.mp4,custom,0.71875
yes,c999_yes_021,train,999,"[0, 0, 640, 480]",1,38,D:\Compressed\archive_3\custom_videos\c999_yes_021.mp4,custom,0.84375
yes,c999_yes_001,train,999,"[0, 0, 640, 480]",1,77,D:\Compressed\archive_3\custom_videos\c999_yes_001.mp4,custom,0.8125
yes,c999_yes_024,train,999,"[0, 0, 640, 480]",1,75,D:\Compressed\archive_3\custom_videos\c999_yes_024.mp4,custom,0.6875
yes,c999_yes_004,train,999,"[0, 0, 640, 480]",1,77,D:\Compressed\archive_3\custom_videos\c999_yes_004.mp4,custom,0.96875
yes,c999_yes_026,train,999,"[0, 0, 640, 480]",1,75,D:\Compressed\archive_3\custom_videos\c999_yes_026.mp4,custom,0.71875
yes,c999_yes_008,train,999,"[0, 0, 640, 480]",1,76,D:\Compressed\archive_3\custom_videos\c999_yes_008.mp4,custom,0.5625
yes,c999_yes_005,train,999,"[0, 0, 640, 480]",1,77,D:\Compressed\archive_3\custom_videos\c999_yes_005.mp4,custom,0.1875
yes,c999_yes_028,train,999,"[0, 0, 640, 480]",1,38,D:\Compressed\archive_3\custom_videos\c999_yes_028.mp4,custom,0.8125
yes,c999_yes_018,train,999,"[0, 0, 640, 480]",1,77,D:\Compressed\archive_3\custom_videos\c999_yes_018.mp4,custom,0.90625
yes,c999_yes_022,train,999,"[0, 0, 640, 480]",1,75,D:\Compressed\archive_3\custom_videos\c999_yes_022.mp4,custom,1.0
yes,c999_yes_017,train,999,"[0, 0, 640, 480]",1,76,D:\Compressed\archive_3\custom_videos\c999_yes_017.mp4,custom,0.9375
yes,c999_yes_029,train,999,"[0, 0, 640, 480]",1,38,D:\Compressed\archive_3\custom_videos\c999_yes_029.mp4,custom,0.75
yes,c999_yes_020,train,999,"[0, 0, 640, 480]",1,76,D:\Compressed\archive_3\custom_videos\c999_yes_020.mp4,custom,0.96875
yes,c999_yes_027,train,999,"[0, 0, 640, 480]",1,38,D:\Compressed\archive_3\custom_videos\c999_yes_027.mp4,custom,0.71875
yes,c999_yes_019,train,999,"[0, 0, 640, 480]",1,76,D:\Compressed\archive_3\custom_videos\c999_yes_019.mp4,custom,0.84375
question,c999_question_007,val,999,"[0, 0, 640, 480]",1,42,D:\Compressed\archive_3\custom_videos\c999_question_007.mp4,custom,1.0
question,c999_question_010,val,999,"[0, 0, 640, 480]",1,77,D:\Compressed\archive_3\custom_videos\c999_question_010.mp4,custom,0.9375
question,c999_question_017,test,999,"[0, 0, 640, 480]",1,42,D:\Compressed\archive_3\custom_videos\c999_question_017.mp4,custom,0.8125
question,c999_question_002,test,999,"[0, 0, 640, 480]",1,42,D:\Compressed\archive_3\custom_videos\c999_question_002.mp4,custom,0.84375
question,c999_question_018,train,999,"[0, 0, 640, 480]",1,42,D:\Compressed\archive_3\custom_videos\c999_question_018.mp4,custom,0.25
question,c999_question_012,train,999,"[0, 0, 640, 480]",1,42,D:\Compressed\archive_3\custom_videos\c999_question_012.mp4,custom,0.8125
question,c999_question_003,train,999,"[0, 0, 640, 480]",1,42,D:\Compressed\archive_3\custom_videos\c999_question_003.mp4,custom,0.875
question,c999_question_013,train,999,"[0, 0, 640, 480]",1,42,D:\Compressed\archive_3\custom_videos\c999_question_013.mp4,custom,0.84375
question,c999_question_009,train,999,"[0, 0, 640, 480]",1,76,D:\Compressed\archive_3\custom_videos\c999_question_009.mp4,custom,1.0
question,c999_question_015,train,999,"[0, 0, 640, 480]",1,42,D:\Compressed\archive_3\custom_videos\c999_question_015.mp4,custom,0.65625
question,c999_question_014,train,999,"[0, 0, 640, 480]",1,42,D:\Compressed\archive_3\custom_videos\c999_question_014.mp4,custom,0.8125
question,c999_question_001,train,999,"[0, 0, 640, 480]",1,42,D:\Compressed\archive_3\custom_videos\c999_question_001.mp4,custom,0.84375
question,c999_question_005,train,999,"[0, 0, 640, 480]",1,42,D:\Compressed\archive_3\custom_videos\c999_question_005.mp4,custom,0.90625
question,c999_question_016,train,999,"[0, 0, 640, 480]",1,42,D:\Compressed\archive_3\custom_videos\c999_question_016.mp4,custom,0.75
question,c999_question_006,train,999,"[0, 0, 640, 480]",1,42,D:\Compressed\archive_3\custom_videos\c999_question_006.mp4,custom,0.96875
question,c999_question_020,train,999,"[0, 0, 640, 480]",1,42,D:\Compressed\archive_3\custom_videos\c999_question_020.mp4,custom,0.71875
question,c999_question_011,train,999,"[0, 0, 640, 480]",1,42,D:\Compressed\archive_3\custom_videos\c999_question_011.mp4,custom,0.75
question,c999_question_004,train,999,"[0, 0, 640, 480]",1,42,D:\Compressed\archive_3\custom_videos\c999_question_004.mp4,custom,0.9375
question,c999_question_008,train,999,"[0, 0, 640, 480]",1,42,D:\Compressed\archive_3\custom_videos\c999_question_008.mp4,custom,0.6875
question,c999_question_019,train,999,"[0, 0, 640, 480]",1,42,D:\Compressed\archive_3\custom_videos\c999_question_019.mp4,custom,0.5625
work,c999_work_002,val,999,"[0, 0, 640, 480]",1,76,D:\Compressed\archive_3\custom_videos\c999_work_002.mp4,custom,1.0
work,c999_work_009,val,999,"[0, 0, 640, 480]",1,76,D:\Compressed\archive_3\custom_videos\c999_work_009.mp4,custom,0.875
work,c999_work_001,test,999,"[0, 0, 640, 480]",1,77,D:\Compressed\archive_3\custom_videos\c999_work_001.mp4,custom,1.0
work,c999_work_008,test,999,"[0, 0, 640, 480]",1,77,D:\Compressed\archive_3\custom_videos\c999_work_008.mp4,custom,1.0
work,c999_work_007,train,999,"[0, 0, 640, 480]",1,76,D:\Compressed\archive_3\custom_videos\c999_work_007.mp4,custom,0.96875
work,c999_work_014,train,999,"[0, 0, 640, 480]",1,77,D:\Compressed\archive_3\custom_videos\c999_work_014.mp4,custom,1.0
work,c999_work_012,train,999,"[0, 0, 640, 480]",1,77,D:\Compressed\archive_3\custom_videos\c999_work_012.mp4,custom,1.0
work,c999_work_015,train,999,"[0, 0, 640, 480]",1,77,D:\Compressed\archive_3\custom_videos\c999_work_015.mp4,custom,1.0
work,c999_work_013,train,999,"[0, 0, 640, 480]",1,77,D:\Compressed\archive_3\custom_videos\c999_work_013.mp4,custom,1.0
work,c999_work_010,train,999,"[0, 0, 640, 480]",1,77,D:\Compressed\archive_3\custom_videos\c999_work_010.mp4,custom,1.0
work,c999_work_005,train,999,"[0, 0, 640, 480]",1,77,D:\Compressed\archive_3\custom_videos\c999_work_005.mp4,custom,0.9375
work,c999_work_004,train,999,"[0, 0, 640, 480]",1,77,D:\Compressed\archive_3\custom_videos\c999_work_004.mp4,custom,1.0
work,c999_work_003,train,999,"[0, 0, 640, 480]",1,77,D:\Compressed\archive_3\custom_videos\c999_work_003.mp4,custom,1.0
work,c999_work_011,train,999,"[0, 0, 640, 480]",1,76,D:\Compressed\archive_3\custom_videos\c999_work_011.mp4,custom,1.0
work,c999_work_006,train,999,"[0, 0, 640, 480]",1,76,D:\Compressed\archive_3\custom_videos\c999_work_006.mp4,custom,0.875
bad,c999_bad_015,val,999,"[0, 0, 640, 480]",1,77,D:\Compressed\archive_3\custom_videos\c999_bad_015.mp4,custom,1.0
bad,c999_bad_004,val,999,"[0, 0, 640, 480]",1,77,D:\Compressed\archive_3\custom_videos\c999_bad_004.mp4,custom,1.0
bad,c999_bad_012,test,999,"[0, 0, 640, 480]",1,76,D:\Compressed\archive_3\custom_videos\c999_bad_012.mp4,custom,1.0
bad,c999_bad_013,test,999,"[0, 0, 640, 480]",1,76,D:\Compressed\archive_3\custom_videos\c999_bad_013.mp4,custom,0.90625
bad,c999_bad_018,train,999,"[0, 0, 640, 480]",1,76,D:\Compressed\archive_3\custom_videos\c999_bad_018.mp4,custom,0.84375
bad,c999_bad_016,train,999,"[0, 0, 640, 480]",1,77,D:\Compressed\archive_3\custom_videos\c999_bad_016.mp4,custom,1.0
bad,c999_bad_027,train,999,"[0, 0, 640, 480]",1,76,D:\Compressed\archive_3\custom_videos\c999_bad_027.mp4,custom,0.96875
bad,c999_bad_014,train,999,"[0, 0, 640, 480]",1,76,D:\Compressed\archive_3\custom_videos\c999_bad_014.mp4,custom,1.0
bad,c999_bad_001,train,999,"[0, 0, 640, 480]",1,77,D:\Compressed\archive_3\custom_videos\c999_bad_001.mp4,custom,0.625
bad,c999_bad_023,train,999,"[0, 0, 640, 480]",1,76,D:\Compressed\archive_3\custom_videos\c999_bad_023.mp4,custom,0.96875
bad,c999_bad_003,train,999,"[0, 0, 640, 480]",1,77,D:\Compressed\archive_3\custom_videos\c999_bad_003.mp4,custom,0.9375
bad,c999_bad_030,train,999,"[0, 0, 640, 480]",1,77,D:\Compressed\archive_3\custom_videos\c999_bad_030.mp4,custom,1.0
bad,c999_bad_020,train,999,"[0, 0, 640, 480]",1,77,D:\Compressed\archive_3\custom_videos\c999_bad_020.mp4,custom,1.0
bad,c999_bad_017,train,999,"[0, 0, 640, 480]",1,76,D:\Compressed\archive_3\custom_videos\c999_bad_017.mp4,custom,0.78125
bad,c999_bad_008,train,999,"[0, 0, 640, 480]",1,76,D:\Compressed\archive_3\custom_videos\c999_bad_008.mp4,custom,1.0
bad,c999_bad_026,train,999,"[0, 0, 640, 480]",1,77,D:\Compressed\archive_3\custom_videos\c999_bad_026.mp4,custom,1.0
bad,c999_bad_028,train,999,"[0, 0, 640, 480]",1,76,D:\Compressed\archive_3\custom_videos\c999_bad_028.mp4,custom,1.0
bad,c999_bad_002,train,999,"[0, 0, 640, 480]",1,76,D:\Compressed\archive_3\custom_videos\c999_bad_002.mp4,custom,0.96875
bad,c999_bad_029,train,999,"[0, 0, 640, 480]",1,77,D:\Compressed\archive_3\custom_videos\c999_bad_029.mp4,custom,1.0
bad,c999_bad_022,train,999,"[0, 0, 640, 480]",1,77,D:\Compressed\archive_3\custom_videos\c999_bad_022.mp4,custom,1.0
bad,c999_bad_010,train,999,"[0, 0, 640, 480]",1,77,D:\Compressed\archive_3\custom_videos\c999_bad_010.mp4,custom,0.96875
bad,c999_bad_011,train,999,"[0, 0, 640, 480]",1,53,D:\Compressed\archive_3\custom_videos\c999_bad_011.mp4,custom,0.96875
bad,c999_bad_024,train,999,"[0, 0, 640, 480]",1,77,D:\Compressed\archive_3\custom_videos\c999_bad_024.mp4,custom,0.9375
bad,c999_bad_007,train,999,"[0, 0, 640, 480]",1,77,D:\Compressed\archive_3\custom_videos\c999_bad_007.mp4,custom,1.0
bad,c999_bad_025,train,999,"[0, 0, 640, 480]",1,76,D:\Compressed\archive_3\custom_videos\c999_bad_025.mp4,custom,1.0
bad,c999_bad_006,train,999,"[0, 0, 640, 480]",1,77,D:\Compressed\archive_3\custom_videos\c999_bad_006.mp4,custom,1.0
bad,c999_bad_021,train,999,"[0, 0, 640, 480]",1,76,D:\Compressed\archive_3\custom_videos\c999_bad_021.mp4,custom,1.0
bad,c999_bad_019,train,999,"[0, 0, 640, 480]",1,77,D:\Compressed\archive_3\custom_videos\c999_bad_019.mp4,custom,0.375
bad,c999_bad_005,train,999,"[0, 0, 640, 480]",1,76,D:\Compressed\archive_3\custom_videos\c999_bad_005.mp4,custom,0.65625
bad,c999_bad_009,train,999,"[0, 0, 640, 480]",1,77,D:\Compressed\archive_3\custom_videos\c999_bad_009.mp4,custom,1.0
give,c999_give_007,val,999,"[0, 0, 640, 480]",1,76,D:\Compressed\archive_3\custom_videos\c999_give_007.mp4,custom,0.6875
give,c999_give_004,val,999,"[0, 0, 640, 480]",1,77,D:\Compressed\archive_3\custom_videos\c999_give_004.mp4,custom,0.96875
give,c999_give_002,test,999,"[0, 0, 640, 480]",1,76,D:\Compressed\archive_3\custom_videos\c999_give_002.mp4,custom,1.0
give,c999_give_001,test,999,"[0, 0, 640, 480]",1,77,D:\Compressed\archive_3\custom_videos\c999_give_001.mp4,custom,1.0
give,c999_give_013,train,999,"[0, 0, 640, 480]",1,76,D:\Compressed\archive_3\custom_videos\c999_give_013.mp4,custom,0.78125
give,c999_give_008,train,999,"[0, 0, 640, 480]",1,77,D:\Compressed\archive_3\custom_videos\c999_give_008.mp4,custom,0.9375
give,c999_give_009,train,999,"[0, 0, 640, 480]",1,77,D:\Compressed\archive_3\custom_videos\c999_give_009.mp4,custom,0.625
give,c999_give_010,train,999,"[0, 0, 640, 480]",1,76,D:\Compressed\archive_3\custom_videos\c999_give_010.mp4,custom,0.90625
give,c999_give_011,train,999,"[0, 0, 640, 480]",1,77,D:\Compressed\archive_3\custom_videos\c999_give_011.mp4,custom,0.9375
give,c999_give_006,train,999,"[0, 0, 640, 480]",1,76,D:\Compressed\archive_3\custom_videos\c999_give_006.mp4,custom,0.96875
give,c999_give_012,train,999,"[0, 0, 640, 480]",1,76,D:\Compressed\archive_3\custom_videos\c999_give_012.mp4,custom,0.875
give,c999_give_003,train,999,"[0, 0, 640, 480]",1,77,D:\Compressed\archive_3\custom_videos\c999_give_003.mp4,custom,0.9375
give,c999_give_014,train,999,"[0, 0, 640, 480]",1,76,D:\Compressed\archive_3\custom_videos\c999_give_014.mp4,custom,0.84375
give,c999_give_005,train,999,"[0, 0, 640, 480]",1,77,D:\Compressed\archive_3\custom_videos\c999_give_005.mp4,custom,0.9375
give,c999_give_015,train,999,"[0, 0, 640, 480]",1,77,D:\Compressed\archive_3\custom_videos\c999_give_015.mp4,custom,0.96875
happy,c999_happy_012,val,999,"[0, 0, 640, 480]",1,76,D:\Compressed\archive_3\custom_videos\c999_happy_012.mp4,custom,1.0
happy,c999_happy_006,val,999,"[0, 0, 640, 480]",1,76,D:\Compressed\archive_3\custom_videos\c999_happy_006.mp4,custom,1.0
happy,c999_happy_005,test,999,"[0, 0, 640, 480]",1,77,D:\Compressed\archive_3\custom_videos\c999_happy_005.mp4,custom,0.78125
happy,c999_happy_002,test,999,"[0, 0, 640, 480]",1,77,D:\Compressed\archive_3\custom_videos\c999_happy_002.mp4,custom,0.9375
happy,c999_happy_003,train,999,"[0, 0, 640, 480]",1,77,D:\Compressed\archive_3\custom_videos\c999_happy_003.mp4,custom,0.875
happy,c999_happy_007,train,999,"[0, 0, 640, 480]",1,76,D:\Compressed\archive_3\custom_videos\c999_happy_007.mp4,custom,1.0
happy,c999_happy_020,train,999,"[0, 0, 640, 480]",1,76,D:\Compressed\archive_3\custom_videos\c999_happy_020.mp4,custom,1.0
happy,c999_happy_010,train,999,"[0, 0, 640, 480]",1,76,D:\Compressed\archive_3\custom_videos\c999_happy_010.mp4,custom,0.9375
happy,c999_happy_013,train,999,"[0, 0, 640, 480]",1,77,D:\Compressed\archive_3\custom_videos\c999_happy_013.mp4,custom,1.0
happy,c999_happy_017,train,999,"[0, 0, 640, 480]",1,76,D:\Compressed\archive_3\custom_videos\c999_happy_017.mp4,custom,1.0
happy,c999_happy_008,train,999,"[0, 0, 640, 480]",1,76,D:\Compressed\archive_3\custom_videos\c999_happy_008.mp4,custom,1.0
happy,c999_happy_015,train,999,"[0, 0, 640, 480]",1,77,D:\Compressed\archive_3\custom_videos\c999_happy_015.mp4,custom,1.0
happy,c999_happy_014,train,999,"[0, 0, 640, 480]",1,76,D:\Compressed\archive_3\custom_videos\c999_happy_014.mp4,custom,1.0
happy,c999_happy_004,train,999,"[0, 0, 640, 480]",1,77,D:\Compressed\archive_3\custom_videos\c999_happy_004.mp4,custom,1.0
happy,c999_happy_019,train,999,"[0, 0, 640, 480]",1,77,D:\Compressed\archive_3\custom_videos\c999_happy_019.mp4,custom,1.0
happy,c999_happy_009,train,999,"[0, 0, 640, 480]",1,77,D:\Compressed\archive_3\custom_videos\c999_happy_009.mp4,custom,0.9375
happy,c999_happy_016,train,999,"[0, 0, 640, 480]",1,77,D:\Compressed\archive_3\custom_videos\c999_happy_016.mp4,custom,0.9375
happy,c999_happy_011,train,999,"[0, 0, 640, 480]",1,49,D:\Compressed\archive_3\custom_videos\c999_happy_011.mp4,custom,1.0
happy,c999_happy_001,train,999,"[0, 0, 640, 480]",1,74,D:\Compressed\archive_3\custom_videos\c999_happy_001.mp4,custom,1.0
happy,c999_happy_018,train,999,"[0, 0, 640, 480]",1,77,D:\Compressed\archive_3\custom_videos\c999_happy_018.mp4,custom,1.0
when,c999_when_008,val,999,"[0, 0, 640, 480]",1,77,D:\Compressed\archive_3\custom_videos\c999_when_008.mp4,custom,1.0
when,c999_when_006,val,999,"[0, 0, 640, 480]",1,77,D:\Compressed\archive_3\custom_videos\c999_when_006.mp4,custom,1.0
when,c999_when_003,test,999,"[0, 0, 640, 480]",1,76,D:\Compressed\archive_3\custom_videos\c999_when_003.mp4,custom,1.0
when,c999_when_017,test,999,"[0, 0, 640, 480]",1,42,D:\Compressed\archive_3\custom_videos\c999_when_017.mp4,custom,1.0
when,c999_when_014,train,999,"[0, 0, 640, 480]",1,42,D:\Compressed\archive_3\custom_videos\c999_when_014.mp4,custom,1.0
when,c999_when_001,train,999,"[0, 0, 640, 480]",1,76,D:\Compressed\archive_3\custom_videos\c999_when_001.mp4,custom,1.0
when,c999_when_012,train,999,"[0, 0, 640, 480]",1,42,D:\Compressed\archive_3\custom_videos\c999_when_012.mp4,custom,1.0
when,c999_when_015,train,999,"[0, 0, 640, 480]",1,42,D:\Compressed\archive_3\custom_videos\c999_when_015.mp4,custom,1.0
when,c999_when_005,train,999,"[0, 0, 640, 480]",1,76,D:\Compressed\archive_3\custom_videos\c999_when_005.mp4,custom,1.0
when,c999_when_009,train,999,"[0, 0, 640, 480]",1,77,D:\Compressed\archive_3\custom_videos\c999_when_009.mp4,custom,1.0
when,c999_when_016,train,999,"[0, 0, 640, 480]",1,42,D:\Compressed\archive_3\custom_videos\c999_when_016.mp4,custom,1.0
when,c999_when_011,train,999,"[0, 0, 640, 480]",1,42,D:\Compressed\archive_3\custom_videos\c999_when_011.mp4,custom,1.0
when,c999_when_007,train,999,"[0, 0, 640, 480]",1,76,D:\Compressed\archive_3\custom_videos\c999_when_007.mp4,custom,1.0
when,c999_when_019,train,999,"[0, 0, 640, 480]",1,42,D:\Compressed\archive_3\custom_videos\c999_when_019.mp4,custom,1.0
when,c999_when_010,train,999,"[0, 0, 640, 480]",1,77,D:\Compressed\archive_3\custom_videos\c999_when_010.mp4,custom,1.0
when,c999_when_013,train,999,"[0, 0, 640, 480]",1,42,D:\Compressed\archive_3\custom_videos\c999_when_013.mp4,custom,1.0
when,c999_when_020,train,999,"[0, 0, 640, 480]",1,42,D:\Compressed\archive_3\custom_videos\c999_when_020.mp4,custom,1.0
when,c999_when_002,train,999,"[0, 0, 640, 480]",1,77,D:\Compressed\archive_3\custom_videos\c999_when_002.mp4,custom,1.0
when,c999_when_018,train,999,"[0, 0, 640, 480]",1,42,D:\Compressed\archive_3\custom_videos\c999_when_018.mp4,custom,1.0
when,c999_when_004,train,999,"[0, 0, 640, 480]",1,76,D:\Compressed\archive_3\custom_videos\c999_when_004.mp4,custom,1.0
who,c999_who_006,val,999,"[0, 0, 640, 480]",1,77,D:\Compressed\archive_3\custom_videos\c999_who_006.mp4,custom,1.0
who,c999_who_002,val,999,"[0, 0, 640, 480]",1,76,D:\Compressed\archive_3\custom_videos\c999_who_002.mp4,custom,1.0
who,c999_who_003,test,999,"[0, 0, 640, 480]",1,77,D:\Compressed\archive_3\custom_videos\c999_who_003.mp4,custom,1.0
who,c999_who_014,test,999,"[0, 0, 640, 480]",1,76,D:\Compressed\archive_3\custom_videos\c999_who_014.mp4,custom,1.0
who,c999_who_017,train,999,"[0, 0, 640, 480]",1,76,D:\Compressed\archive_3\custom_videos\c999_who_017.mp4,custom,0.8125
who,c999_who_019,train,999,"[0, 0, 640, 480]",1,77,D:\Compressed\archive_3\custom_videos\c999_who_019.mp4,custom,1.0
who,c999_who_020,train,999,"[0, 0, 640, 480]",1,76,D:\Compressed\archive_3\custom_videos\c999_who_020.mp4,custom,0.75
who,c999_who_010,train,999,"[0, 0, 640, 480]",1,76,D:\Compressed\archive_3\custom_videos\c999_who_010.mp4,custom,1.0
who,c999_who_013,train,999,"[0, 0, 640, 480]",1,76,D:\Compressed\archive_3\custom_videos\c999_who_013.mp4,custom,1.0
who,c999_who_025,train,999,"[0, 0, 640, 480]",1,42,D:\Compressed\archive_3\custom_videos\c999_who_025.mp4,custom,0.84375
who,c999_who_021,train,999,"[0, 0, 640, 480]",1,42,D:\Compressed\archive_3\custom_videos\c999_who_021.mp4,custom,1.0
who,c999_who_004,train,999,"[0, 0, 640, 480]",1,74,D:\Compressed\archive_3\custom_videos\c999_who_004.mp4,custom,1.0
who,c999_who_015,train,999,"[0, 0, 640, 480]",1,76,D:\Compressed\archive_3\custom_videos\c999_who_015.mp4,custom,0.875
who,c999_who_009,train,999,"[0, 0, 640, 480]",1,77,D:\Compressed\archive_3\custom_videos\c999_who_009.mp4,custom,0.78125
who,c999_who_023,train,999,"[0, 0, 640, 480]",1,42,D:\Compressed\archive_3\custom_videos\c999_who_023.mp4,custom,1.0
who,c999_who_024,train,999,"[0, 0, 640, 480]",1,42,D:\Compressed\archive_3\custom_videos\c999_who_024.mp4,custom,1.0
who,c999_who_012,train,999,"[0, 0, 640, 480]",1,76,D:\Compressed\archive_3\custom_videos\c999_who_012.mp4,custom,0.5625
who,c999_who_018,train,999,"[0, 0, 640, 480]",1,77,D:\Compressed\archive_3\custom_videos\c999_who_018.mp4,custom,0.875
who,c999_who_011,train,999,"[0, 0, 640, 480]",1,67,D:\Compressed\archive_3\custom_videos\c999_who_011.mp4,custom,1.0
who,c999_who_001,train,999,"[0, 0, 640, 480]",1,77,D:\Compressed\archive_3\custom_videos\c999_who_001.mp4,custom,1.0
who,c999_who_007,train,999,"[0, 0, 640, 480]",1,77,D:\Compressed\archive_3\custom_videos\c999_who_007.mp4,custom,1.0
who,c999_who_005,train,999,"[0, 0, 640, 480]",1,76,D:\Compressed\archive_3\custom_videos\c999_who_005.mp4,custom,0.9375
who,c999_who_022,train,999,"[0, 0, 640, 480]",1,42,D:\Compressed\archive_3\custom_videos\c999_who_022.mp4,custom,1.0
who,c999_who_016,train,999,"[0, 0, 640, 480]",1,76,D:\Compressed\archive_3\custom_videos\c999_who_016.mp4,custom,1.0
who,c999_who_008,train,999,"[0, 0, 640, 480]",1,76,D:\Compressed\archive_3\custom_videos\c999_who_008.mp4,custom,1.0
finish,c999_finish_002,val,999,"[0, 0, 640, 480]",1,77,D:\Compressed\archive_3\custom_videos\c999_finish_002.mp4,custom,1.0
finish,c999_finish_001,val,999,"[0, 0, 640, 480]",1,65,D:\Compressed\archive_3\custom_videos\c999_finish_001.mp4,custom,1.0
finish,c999_finish_009,test,999,"[0, 0, 640, 480]",1,77,D:\Compressed\archive_3\custom_videos\c999_finish_009.mp4,custom,1.0
finish,c999_finish_005,test,999,"[0, 0, 640, 480]",1,77,D:\Compressed\archive_3\custom_videos\c999_finish_005.mp4,custom,1.0
finish,c999_finish_004,train,999,"[0, 0, 640, 480]",1,77,D:\Compressed\archive_3\custom_videos\c999_finish_004.mp4,custom,0.75
finish,c999_finish_014,train,999,"[0, 0, 640, 480]",1,77,D:\Compressed\archive_3\custom_videos\c999_finish_014.mp4,custom,1.0
finish,c999_finish_007,train,999,"[0, 0, 640, 480]",1,77,D:\Compressed\archive_3\custom_videos\c999_finish_007.mp4,custom,1.0
finish,c999_finish_010,train,999,"[0, 0, 640, 480]",1,76,D:\Compressed\archive_3\custom_videos\c999_finish_010.mp4,custom,1.0
finish,c999_finish_011,train,999,"[0, 0, 640, 480]",1,77,D:\Compressed\archive_3\custom_videos\c999_finish_011.mp4,custom,1.0
finish,c999_finish_003,train,999,"[0, 0, 640, 480]",1,77,D:\Compressed\archive_3\custom_videos\c999_finish_003.mp4,custom,1.0
finish,c999_finish_012,train,999,"[0, 0, 640, 480]",1,77,D:\Compressed\archive_3\custom_videos\c999_finish_012.mp4,custom,1.0
finish,c999_finish_006,train,999,"[0, 0, 640, 480]",1,76,D:\Compressed\archive_3\custom_videos\c999_finish_006.mp4,custom,1.0
finish,c999_finish_013,train,999,"[0, 0, 640, 480]",1,76,D:\Compressed\archive_3\custom_videos\c999_finish_013.mp4,custom,0.53125
finish,c999_finish_015,train,999,"[0, 0, 640, 480]",1,76,D:\Compressed\archive_3\custom_videos\c999_finish_015.mp4,custom,1.0
finish,c999_finish_008,train,999,"[0, 0, 640, 480]",1,77,D:\Compressed\archive_3\custom_videos\c999_finish_008.mp4,custom,1.0
how,c999_how_001,val,999,"[0, 0, 640, 480]",1,47,D:\Compressed\archive_3\custom_videos\c999_how_001.mp4,custom,1.0
how,c999_how_024,val,999,"[0, 0, 640, 480]",1,76,D:\Compressed\archive_3\custom_videos\c999_how_024.mp4,custom,0.53125
how,c999_how_022,test,999,"[0, 0, 640, 480]",1,38,D:\Compressed\archive_3\custom_videos\c999_how_022.mp4,custom,1.0
how,c999_how_006,test,999,"[0, 0, 640, 480]",1,76,D:\Compressed\archive_3\custom_videos\c999_how_006.mp4,custom,0.46875
how,c999_how_028,train,999,"[0, 0, 640, 480]",1,38,D:\Compressed\archive_3\custom_videos\c999_how_028.mp4,custom,0.9375
how,c999_how_003,train,999,"[0, 0, 640, 480]",1,42,D:\Compressed\archive_3\custom_videos\c999_how_003.mp4,custom,1.0
how,c999_how_021,train,999,"[0, 0, 640, 480]",1,38,D:\Compressed\archive_3\custom_videos\c999_how_021.mp4,custom,1.0
how,c999_how_009,train,999,"[0, 0, 640, 480]",1,42,D:\Compressed\archive_3\custom_videos\c999_how_009.mp4,custom,0.5625
how,c999_how_029,train,999,"[0, 0, 640, 480]",1,38,D:\Compressed\archive_3\custom_videos\c999_how_029.mp4,custom,1.0
how,c999_how_005,train,999,"[0, 0, 640, 480]",1,77,D:\Compressed\archive_3\custom_videos\c999_how_005.mp4,custom,0.9375
how,c999_how_026,train,999,"[0, 0, 640, 480]",1,76,D:\Compressed\archive_3\custom_videos\c999_how_026.mp4,custom,0.84375
how,c999_how_012,train,999,"[0, 0, 640, 480]",1,77,D:\Compressed\archive_3\custom_videos\c999_how_012.mp4,custom,0.46875
how,c999_how_014,train,999,"[0, 0, 640, 480]",1,76,D:\Compressed\archive_3\custom_videos\c999_how_014.mp4,custom,0.46875
how,c999_how_007,train,999,"[0, 0, 640, 480]",1,77,D:\Compressed\archive_3\custom_videos\c999_how_007.mp4,custom,1.0
how,c999_how_013,train,999,"[0, 0, 640, 480]",1,77,D:\Compressed\archive_3\custom_videos\c999_how_013.mp4,custom,0.28125
how,c999_how_016,train,999,"[0, 0, 640, 480]",1,77,D:\Compressed\archive_3\custom_videos\c999_how_016.mp4,custom,0.625
how,c999_how_025,train,999,"[0, 0, 640, 480]",1,75,D:\Compressed\archive_3\custom_videos\c999_how_025.mp4,custom,0.8125
how,c999_how_015,train,999,"[0, 0, 640, 480]",1,77,D:\Compressed\archive_3\custom_videos\c999_how_015.mp4,custom,0.96875
how,c999_how_004,train,999,"[0, 0, 640, 480]",1,77,D:\Compressed\archive_3\custom_videos\c999_how_004.mp4,custom,0.5625
how,c999_how_018,train,999,"[0, 0, 640, 480]",1,77,D:\Compressed\archive_3\custom_videos\c999_how_018.mp4,custom,0.96875
how,c999_how_030,train,999,"[0, 0, 640, 480]",1,38,D:\Compressed\archive_3\custom_videos\c999_how_030.mp4,custom,1.0
how,c999_how_027,train,999,"[0, 0, 640, 480]",1,69,D:\Compressed\archive_3\custom_videos\c999_how_027.mp4,custom,0.78125
how,c999_how_010,train,999,"[0, 0, 640, 480]",1,42,D:\Compressed\archive_3\custom_videos\c999_how_010.mp4,custom,0.59375
how,c999_how_017,train,999,"[0, 0, 640, 480]",1,77,D:\Compressed\archive_3\custom_videos\c999_how_017.mp4,custom,0.90625
how,c999_how_002,train,999,"[0, 0, 640, 480]",1,42,D:\Compressed\archive_3\custom_videos\c999_how_002.mp4,custom,1.0
how,c999_how_019,train,999,"[0, 0, 640, 480]",1,77,D:\Compressed\archive_3\custom_videos\c999_how_019.mp4,custom,0.875
how,c999_how_008,train,999,"[0, 0, 640, 480]",1,70,D:\Compressed\archive_3\custom_videos\c999_how_008.mp4,custom,0.84375
how,c999_how_020,train,999,"[0, 0, 640, 480]",1,77,D:\Compressed\archive_3\custom_videos\c999_how_020.mp4,custom,0.875
how,c999_how_023,train,999,"[0, 0, 640, 480]",1,53,D:\Compressed\archive_3\custom_videos\c999_how_023.mp4,custom,0.96875
how,c999_how_011,train,999,"[0, 0, 640, 480]",1,48,D:\Compressed\archive_3\custom_videos\c999_how_011.mp4,custom,0.625
call,c999_call_019,val,999,"[0, 0, 640, 480]",1,76,D:\Compressed\archive_3\custom_videos\c999_call_019.mp4,custom,0.84375
call,c999_call_014,val,999,"[0, 0, 640, 480]",1,77,D:\Compressed\archive_3\custom_videos\c999_call_014.mp4,custom,0.875
call,c999_call_008,test,999,"[0, 0, 640, 480]",1,77,D:\Compressed\archive_3\custom_videos\c999_call_008.mp4,custom,0.375
call,c999_call_012,test,999,"[0, 0, 640, 480]",1,76,D:\Compressed\archive_3\custom_videos\c999_call_012.mp4,custom,0.9375
call,c999_call_006,train,999,"[0, 0, 640, 480]",1,77,D:\Compressed\archive_3\custom_videos\c999_call_006.mp4,custom,0.59375
call,c999_call_003,train,999,"[0, 0, 640, 480]",1,77,D:\Compressed\archive_3\custom_videos\c999_call_003.mp4,custom,1.0
call,c999_call_016,train,999,"[0, 0, 640, 480]",1,77,D:\Compressed\archive_3\custom_videos\c999_call_016.mp4,custom,0.90625
call,c999_call_001,train,999,"[0, 0, 640, 480]",1,42,D:\Compressed\archive_3\custom_videos\c999_call_001.mp4,custom,1.0
call,c999_call_020,train,999,"[0, 0, 640, 480]",1,77,D:\Compressed\archive_3\custom_videos\c999_call_020.mp4,custom,1.0
call,c999_call_011,train,999,"[0, 0, 640, 480]",1,76,D:\Compressed\archive_3\custom_videos\c999_call_011.mp4,custom,0.21875
call,c999_call_015,train,999,"[0, 0, 640, 480]",1,77,D:\Compressed\archive_3\custom_videos\c999_call_015.mp4,custom,0.625
call,c999_call_007,train,999,"[0, 0, 640, 480]",1,76,D:\Compressed\archive_3\custom_videos\c999_call_007.mp4,custom,0.90625
call,c999_call_018,train,999,"[0, 0, 640, 480]",1,76,D:\Compressed\archive_3\custom_videos\c999_call_018.mp4,custom,0.75
call,c999_call_013,train,999,"[0, 0, 640, 480]",1,77,D:\Compressed\archive_3\custom_videos\c999_call_013.mp4,custom,0.5625
call,c999_call_017,train,999,"[0, 0, 640, 480]",1,77,D:\Compressed\archive_3\custom_videos\c999_call_017.mp4,custom,0.96875
call,c999_call_004,train,999,"[0, 0, 640, 480]",1,77,D:\Compressed\archive_3\custom_videos\c999_call_004.mp4,custom,1.0
call,c999_call_005,train,999,"[0, 0, 640, 480]",1,77,D:\Compressed\archive_3\custom_videos\c999_call_005.mp4,custom,0.53125
call,c999_call_009,train,999,"[0, 0, 640, 480]",1,76,D:\Compressed\archive_3\custom_videos\c999_call_009.mp4,custom,0.40625
call,c999_call_002,train,999,"[0, 0, 640, 480]",1,76,D:\Compressed\archive_3\custom_videos\c999_call_002.mp4,custom,1.0
call,c999_call_010,train,999,"[0, 0, 640, 480]",1,76,D:\Compressed\archive_3\custom_videos\c999_call_010.mp4,custom,1.0
computer,c999_computer_003,val,999,"[0, 0, 640, 480]",1,77,D:\Compressed\archive_3\custom_videos\c999_computer_003.mp4,custom,0.9375
computer,c999_computer_010,val,999,"[0, 0, 640, 480]",1,77,D:\Compressed\archive_3\custom_videos\c999_computer_010.mp4,custom,0.9375
computer,c999_computer_006,test,999,"[0, 0, 640, 480]",1,76,D:\Compressed\archive_3\custom_videos\c999_computer_006.mp4,custom,0.96875
computer,c999_computer_002,test,999,"[0, 0, 640, 480]",1,76,D:\Compressed\archive_3\custom_videos\c999_computer_002.mp4,custom,0.84375
computer,c999_computer_008,train,999,"[0, 0, 640, 480]",1,76,D:\Compressed\archive_3\custom_videos\c999_computer_008.mp4,custom,0.90625
computer,c999_computer_009,train,999,"[0, 0, 640, 480]",1,76,D:\Compressed\archive_3\custom_videos\c999_computer_009.mp4,custom,0.8125
computer,c999_computer_005,train,999,"[0, 0, 640, 480]",1,76,D:\Compressed\archive_3\custom_videos\c999_computer_005.mp4,custom,0.78125
computer,c999_computer_004,train,999,"[0, 0, 640, 480]",1,76,D:\Compressed\archive_3\custom_videos\c999_computer_004.mp4,custom,0.96875
computer,c999_computer_001,train,999,"[0, 0, 640, 480]",1,77,D:\Compressed\archive_3\custom_videos\c999_computer_001.mp4,custom,1.0
computer,c999_computer_007,train,999,"[0, 0, 640, 480]",1,77,D:\Compressed\archive_3\custom_videos\c999_computer_007.mp4,custom,0.96875
stay,c999_stay_001,val,999,"[0, 0, 640, 480]",1,77,D:\Compressed\archive_3\custom_videos\c999_stay_001.mp4,custom,1.0
stay,c999_stay_011,val,999,"[0, 0, 640, 480]",1,76,D:\Compressed\archive_3\custom_videos\c999_stay_011.mp4,custom,1.0
stay,c999_stay_004,test,999,"[0, 0, 640, 480]",1,77,D:\Compressed\archive_3\custom_videos\c999_stay_004.mp4,custom,1.0
stay,c999_stay_008,test,999,"[0, 0, 640, 480]",1,77,D:\Compressed\archive_3\custom_videos\c999_stay_008.mp4,custom,1.0
stay,c999_stay_013,train,999,"[0, 0, 640, 480]",1,77,D:\Compressed\archive_3\custom_videos\c999_stay_013.mp4,custom,1.0
stay,c999_stay_003,train,999,"[0, 0, 640, 480]",1,77,D:\Compressed\archive_3\custom_videos\c999_stay_003.mp4,custom,1.0
stay,c999_stay_002,train,999,"[0, 0, 640, 480]",1,77,D:\Compressed\archive_3\custom_videos\c999_stay_002.mp4,custom,1.0
stay,c999_stay_009,train,999,"[0, 0, 640, 480]",1,76,D:\Compressed\archive_3\custom_videos\c999_stay_009.mp4,custom,1.0
stay,c999_stay_006,train,999,"[0, 0, 640, 480]",1,76,D:\Compressed\archive_3\custom_videos\c999_stay_006.mp4,custom,0.96875
stay,c999_stay_007,train,999,"[0, 0, 640, 480]",1,76,D:\Compressed\archive_3\custom_videos\c999_stay_007.mp4,custom,1.0
stay,c999_stay_014,train,999,"[0, 0, 640, 480]",1,77,D:\Compressed\archive_3\custom_videos\c999_stay_014.mp4,custom,1.0
stay,c999_stay_005,train,999,"[0, 0, 640, 480]",1,76,D:\Compressed\archive_3\custom_videos\c999_stay_005.mp4,custom,1.0
stay,c999_stay_012,train,999,"[0, 0, 640, 480]",1,76,D:\Compressed\archive_3\custom_videos\c999_stay_012.mp4,custom,1.0
stay,c999_stay_010,train,999,"[0, 0, 640, 480]",1,76,D:\Compressed\archive_3\custom_videos\c999_stay_010.mp4,custom,1.0
stay,c999_stay_015,train,999,"[0, 0, 640, 480]",1,77,D:\Compressed\archive_3\custom_videos\c999_stay_015.mp4,custom,1.0
soon,c999_soon_013,val,999,"[0, 0, 640, 480]",1,42,D:\Compressed\archive_3\custom_videos\c999_soon_013.mp4,custom,0.96875
soon,c999_soon_014,val,999,"[0, 0, 640, 480]",1,42,D:\Compressed\archive_3\custom_videos\c999_soon_014.mp4,custom,1.0
soon,c999_soon_002,test,999,"[0, 0, 640, 480]",1,42,D:\Compressed\archive_3\custom_videos\c999_soon_002.mp4,custom,1.0
soon,c999_soon_005,test,999,"[0, 0, 640, 480]",1,42,D:\Compressed\archive_3\custom_videos\c999_soon_005.mp4,custom,1.0
soon,c999_soon_003,train,999,"[0, 0, 640, 480]",1,42,D:\Compressed\archive_3\custom_videos\c999_soon_003.mp4,custom,1.0
soon,c999_soon_007,train,999,"[0, 0, 640, 480]",1,42,D:\Compressed\archive_3\custom_videos\c999_soon_007.mp4,custom,1.0
soon,c999_soon_017,train,999,"[0, 0, 640, 480]",1,42,D:\Compressed\archive_3\custom_videos\c999_soon_017.mp4,custom,0.9375
soon,c999_soon_001,train,999,"[0, 0, 640, 480]",1,42,D:\Compressed\archive_3\custom_videos\c999_soon_001.mp4,custom,1.0
soon,c999_soon_010,train,999,"[0, 0, 640, 480]",1,42,D:\Compressed\archive_3\custom_videos\c999_soon_010.mp4,custom,1.0
soon,c999_soon_016,train,999,"[0, 0, 640, 480]",1,42,D:\Compressed\archive_3\custom_videos\c999_soon_016.mp4,custom,1.0
soon,c999_soon_006,train,999,"[0, 0, 640, 480]",1,42,D:\Compressed\archive_3\custom_videos\c999_soon_006.mp4,custom,1.0
soon,c999_soon_009,train,999,"[0, 0, 640, 480]",1,42,D:\Compressed\archive_3\custom_videos\c999_soon_009.mp4,custom,0.96875
soon,c999_soon_008,train,999,"[0, 0, 640, 480]",1,42,D:\Compressed\archive_3\custom_videos\c999_soon_008.mp4,custom,1.0
soon,c999_soon_012,train,999,"[0, 0, 640, 480]",1,42,D:\Compressed\archive_3\custom_videos\c999_soon_012.mp4,custom,0.75
soon,c999_soon_011,train,999,"[0, 0, 640, 480]",1,42,D:\Compressed\archive_3\custom_videos\c999_soon_011.mp4,custom,1.0
soon,c999_soon_019,train,999,"[0, 0, 640, 480]",1,42,D:\Compressed\archive_3\custom_videos\c999_soon_019.mp4,custom,0.9375
soon,c999_soon_015,train,999,"[0, 0, 640, 480]",1,42,D:\Compressed\archive_3\custom_videos\c999_soon_015.mp4,custom,0.9375
soon,c999_soon_020,train,999,"[0, 0, 640, 480]",1,42,D:\Compressed\archive_3\custom_videos\c999_soon_020.mp4,custom,1.0
soon,c999_soon_018,train,999,"[0, 0, 640, 480]",1,42,D:\Compressed\archive_3\custom_videos\c999_soon_018.mp4,custom,1.0
soon,c999_soon_004,train,999,"[0, 0, 640, 480]",1,42,D:\Compressed\archive_3\custom_videos\c999_soon_004.mp4,custom,1.0
baby,c999_baby_006,val,999,"[0, 0, 640, 480]",1,42,D:\Compressed\archive_3\custom_videos\c999_baby_006.mp4,custom,1.0
baby,c999_baby_002,val,999,"[0, 0, 640, 480]",1,42,D:\Compressed\archive_3\custom_videos\c999_baby_002.mp4,custom,0.5
baby,c999_baby_004,test,999,"[0, 0, 640, 480]",1,56,D:\Compressed\archive_3\custom_videos\c999_baby_004.mp4,custom,1.0
baby,c999_baby_001,test,999,"[0, 0, 640, 480]",1,42,D:\Compressed\archive_3\custom_videos\c999_baby_001.mp4,custom,0.96875
baby,c999_baby_015,train,999,"[0, 0, 640, 480]",1,42,D:\Compressed\archive_3\custom_videos\c999_baby_015.mp4,custom,0.96875
baby,c999_baby_011,train,999,"[0, 0, 640, 480]",1,42,D:\Compressed\archive_3\custom_videos\c999_baby_011.mp4,custom,0.9375
baby,c999_baby_007,train,999,"[0, 0, 640, 480]",1,42,D:\Compressed\archive_3\custom_videos\c999_baby_007.mp4,custom,0.875
baby,c999_baby_013,train,999,"[0, 0, 640, 480]",1,42,D:\Compressed\archive_3\custom_videos\c999_baby_013.mp4,custom,0.9375
baby,c999_baby_010,train,999,"[0, 0, 640, 480]",1,42,D:\Compressed\archive_3\custom_videos\c999_baby_010.mp4,custom,0.96875
baby,c999_baby_012,train,999,"[0, 0, 640, 480]",1,42,D:\Compressed\archive_3\custom_videos\c999_baby_012.mp4,custom,0.96875
baby,c999_baby_003,train,999,"[0, 0, 640, 480]",1,77,D:\Compressed\archive_3\custom_videos\c999_baby_003.mp4,custom,1.0
baby,c999_baby_008,train,999,"[0, 0, 640, 480]",1,42,D:\Compressed\archive_3\custom_videos\c999_baby_008.mp4,custom,1.0
baby,c999_baby_009,train,999,"[0, 0, 640, 480]",1,42,D:\Compressed\archive_3\custom_videos\c999_baby_009.mp4,custom,0.71875
baby,c999_baby_014,train,999,"[0, 0, 640, 480]",1,42,D:\Compressed\archive_3\custom_videos\c999_baby_014.mp4,custom,0.875
baby,c999_baby_005,train,999,"[0, 0, 640, 480]",1,42,D:\Compressed\archive_3\custom_videos\c999_baby_005.mp4,custom,0.78125
